693.908,737.289
693.903,737.267
693.908,737.207
693.91,737.165
693.917,737.167
693.915,737.216
693.907,737.178
693.917,737.179
693.926,737.27
693.921,737.305
693.928,737.368
693.923,737.383
693.932,737.497
693.932,737.61
693.929,737.627
693.935,737.738
693.936,737.845
693.933,737.954
693.94,738.027
693.944,738.108
693.945,738.273
693.956,738.354
693.948,738.426
693.955,738.574
693.952,738.692
693.955,738.828
693.958,738.899
693.964,739.026
693.96,739.191
693.961,739.272
693.966,739.402
693.966,739.496
693.979,739.642
693.971,739.755
693.974,739.817
693.981,739.977
693.98,740.077
693.984,740.15
693.979,740.263
693.985,740.348
693.992,740.486
693.987,740.53
693.987,740.609
693.989,740.724
693.991,740.776
693.993,740.847
693.992,740.906
694.004,740.977
694,741.067
693.998,741.07
693.993,741.149
694.002,741.196
694.002,741.239
694.001,741.284
694,741.298
694.002,741.389
694.005,741.395
694.001,741.416
694.002,741.475
694.001,741.485
693.997,741.528
694,741.523
694.01,741.547
694,741.593
694.004,741.576
694.006,741.613
694.001,741.605
694,741.625
694.003,741.643
694,741.612
694.002,741.652
693.999,741.645
694.005,741.646
694.004,741.652
694.001,741.616
694.005,741.648
694.002,741.619
694.002,741.609
694.002,741.637
694,741.59
693.992,741.605
694.002,741.571
694.004,741.567
694.001,741.577
694.003,741.519
694.002,741.537
694.002,741.504
694.008,741.485
694.008,741.499
694,741.459
693.998,741.481
693.998,741.448
693.999,741.433
694.003,741.452
693.996,741.414
693.998,741.42
693.997,741.398
694.003,741.388
693.999,741.408
694.003,741.35
694.001,741.383
694.003,741.372
693.995,741.343
694,741.366
694.007,741.326
693.996,741.349
694.002,741.337
694.004,741.301
694,741.322
694.003,741.287
694.001,741.303
694,741.282
694.005,741.263
693.997,741.296
693.993,741.24
694.001,741.276
693.999,741.266
694.003,741.248
694.006,741.275
693.997,741.231
693.991,741.26
694.002,741.249
694.002,741.228
693.998,741.257
693.999,741.226
694.005,741.238
693.995,741.227
694.003,741.206
694.005,741.239
694.006,741.184
693.997,741.2
693.996,741.215
694,741.178
693.993,741.22
694.005,741.185
694.002,741.201
694.001,741.182
693.999,741.156
693.993,741.187
693.997,741.155
694,741.178
694.002,741.169
694,741.141
694.011,741.177
694.004,741.154
693.988,741.159
693.999,741.161
693.992,741.147
693.999,741.181
694.005,741.124
693.999,741.145
693.992,741.14
693.994,741.123
693.998,741.156
694.001,741.137
693.995,741.139
694.003,741.131
694.001,741.105
693.995,741.135
693.996,741.115
693.996,741.131
693.995,741.13
694.001,741.105
693.994,741.146
693.995,741.105
693.995,741.125
693.992,741.132
694,741.109
693.992,741.139
693.987,741.101
694,741.111
693.995,741.126
693.998,741.089
694,741.115
693.998,741.082
693.989,741.086
693.997,741.087
694.003,741.073
693.997,741.09
693.99,741.063
693.992,741.101
693.996,741.095
693.998,741.07
693.982,741.088
693.994,741.076
693.984,741.087
693.998,741.09
693.987,741.057
693.994,741.105
693.995,741.065
693.994,741.081
694.004,741.083
694.001,741.061
694.001,741.08
693.99,741.05
693.991,741.067
693.996,741.079
694.004,741.042
694.004,741.045
693.988,741.041
693.988,741.062
693.994,741.057
693.993,741.06
694.005,741.073
694.002,741.053
693.997,741.046
693.996,741.037
693.982,741.042
693.998,741.074
693.996,741.046
693.996,741.047
694,741.072
694.006,741.035
694,741.047
693.997,741.039
693.999,741.06
694,741.069
694.007,741.026
693.989,741.054
693.988,741.037
693.989,741.063
694,741.056
693.995,741.011
693.987,741.053
693.985,741.028
693.988,741.047
694.001,741.056
693.996,741.015
694.003,741.049
693.99,741.02
693.997,741.026
693.99,741.036
693.991,741.016
693.993,741.053
694.003,741.033
694.005,741.014
693.989,741.013
693.99,741.009
694.002,741.054
694.01,741.014
693.995,741.005
693.996,741.019
693.988,741.015
693.989,741.051
694.011,741.015
693.998,741.002
694.005,741.033
694,740.998
693.998,741.022
693.991,741.005
694.007,741.003
693.986,741.033
693.995,740.996
693.996,741.038
694.007,741.012
693.999,741.004
693.989,741.032
694.001,740.997
693.996,741.015
693.983,741
693.984,741.007
694.001,741.027
693.999,740.989
693.982,741.016
693.972,740.997
693.988,740.99
694.007,741.027
693.989,740.982
693.986,741.023
693.984,740.995
693.988,740.981
693.99,741.004
693.981,740.98
693.984,741.03
693.995,740.992
693.988,740.973
693.973,741.008
693.994,740.978
693.99,741.004
694.001,740.983
693.995,740.972
693.999,740.999
693.997,740.975
693.992,741.004
693.979,740.987
693.99,740.985
693.975,741.006
693.975,740.966
693.983,741.002
693.986,740.979
693.993,740.969
693.999,740.994
693.998,740.984
693.993,741.003
693.978,740.994
693.979,740.957
693.996,740.997
693.999,740.965
693.991,740.986
693.998,740.98
694.002,740.991
693.999,740.994
693.997,740.982
693.998,740.998
693.997,740.993
693.995,740.993
693.977,740.998
693.979,740.953
693.99,740.97
694.008,740.946
693.996,740.976
693.998,740.992
693.992,740.983
693.982,740.99
693.97,740.973
693.981,740.944
694.003,740.972
693.991,740.953
693.993,740.963
693.994,740.943
693.996,740.971
693.97,740.98
693.99,740.949
693.996,740.988
694.005,740.959
693.992,740.956
693.98,740.991
693.984,740.955
693.997,740.986
693.988,740.975
693.983,740.936
693.976,740.986
693.98,740.937
693.988,740.945
693.997,740.926
693.991,740.951
693.98,740.961
693.994,740.918
693.984,740.944
693.997,740.931
693.985,740.936
693.976,740.988
693.98,740.945
693.976,740.954
693.976,740.956
693.975,740.903
693.989,740.97
693.978,740.919
693.967,740.927
693.989,740.932
693.984,740.934
694.002,740.953
693.986,740.922
693.992,740.962
693.994,740.943
693.996,740.942
693.998,740.965
693.987,740.945
693.992,740.958
693.971,740.964
693.969,740.901
693.976,740.939
693.986,740.911
693.994,740.971
693.981,740.973
693.998,740.939
693.979,740.977
693.989,740.927
693.985,740.936
693.98,740.956
693.971,740.896
693.998,740.937
693.983,740.9
693.975,740.917
693.98,740.915
693.983,740.912
693.976,740.962
693.988,740.936
693.992,740.942
694.002,740.93
693.992,740.931
693.999,740.961
693.981,740.921
693.97,740.91
693.99,740.91
693.985,740.894
693.997,740.952
693.979,740.936
693.971,740.907
693.98,740.906
693.987,740.894
693.973,740.943
693.984,740.929
693.994,740.942
693.983,740.901
693.97,740.892
693.991,740.928
693.982,740.913
693.998,740.953
693.992,740.935
693.988,740.918
693.978,740.943
693.981,740.908
693.978,740.89
693.987,740.896
693.994,740.91
694.003,740.938
693.986,740.912
693.973,740.902
693.979,740.933
693.983,740.881
693.968,740.911
693.99,740.885
693.987,740.915
693.99,740.904
693.989,740.901
694.003,740.932
693.985,740.903
694.005,740.922
693.973,740.922
693.977,740.875
693.966,740.899
693.99,740.881
693.992,740.903
693.999,740.916
693.994,740.869
693.985,740.926
693.986,740.888
693.972,740.889
693.988,740.882
693.981,740.877
693.989,740.91
693.986,740.877
693.985,740.896
693.992,740.896
693.982,740.865
694.003,740.886
693.974,740.852
693.998,740.842
693.98,740.858
693.977,740.786
693.99,740.809
693.986,740.753
693.977,740.693
693.978,740.649
693.965,740.551
693.985,740.511
693.974,740.385
693.961,740.279
693.964,740.143
693.954,740.009
693.968,739.925
693.952,739.71
693.962,739.568
693.955,739.468
693.937,739.279
693.93,739.117
693.945,738.982
693.939,738.858
693.943,738.717
693.944,738.542
693.933,738.492
693.931,738.386
693.932,738.233
693.936,738.148
693.928,738.076
693.917,738.042
693.924,737.937
693.93,737.886
693.925,737.897
693.924,737.847
693.926,737.812
693.928,737.803
693.931,737.833
693.942,737.841
693.937,737.803
693.934,737.87
693.934,737.914
693.944,737.921
693.941,737.974
693.937,738.03
693.946,738.133
693.95,738.143
693.946,738.188
693.949,738.327
693.95,738.373
693.958,738.452
693.959,738.527
693.956,738.645
693.958,738.744
693.959,738.788
693.955,738.932
693.961,739.051
693.968,739.117
693.974,739.233
693.971,739.335
693.972,739.466
693.972,739.521
693.975,739.594
693.971,739.73
693.977,739.79
693.973,739.891
693.974,739.976
693.973,740.068
693.982,740.181
693.985,740.223
693.979,740.341
693.981,740.425
693.978,740.49
693.985,740.582
693.983,740.648
693.983,740.756
693.99,740.823
693.99,740.863
693.991,740.962
693.995,740.989
693.989,741.049
693.988,741.106
693.991,741.144
693.99,741.222
693.99,741.226
693.998,741.299
693.991,741.358
694.001,741.369
693.995,741.437
693.995,741.442
693.996,741.501
693.999,741.516
693.994,741.511
693.994,741.568
694,741.566
693.995,741.586
693.998,741.588
693.993,741.588
693.996,741.636
693.994,741.594
693.996,741.612
693.998,741.635
693.991,741.614
693.992,741.639
693.996,741.605
694,741.619
693.997,741.619
694.006,741.574
694.001,741.604
693.995,741.592
693.994,741.581
693.992,741.585
693.993,741.57
693.995,741.586
694,741.545
693.998,741.54
693.994,741.554
694.002,741.506
693.997,741.529
693.993,741.494
693.988,741.493
693.996,741.502
693.988,741.455
694,741.474
694.003,741.442
693.992,741.43
693.987,741.429
693.991,741.396
693.996,741.413
693.994,741.369
693.985,741.361
693.996,741.374
693.996,741.333
693.991,741.357
694.001,741.331
693.997,741.341
693.99,741.337
693.99,741.304
693.991,741.341
693.986,741.315
693.994,741.296
693.992,741.313
693.992,741.282
693.994,741.301
693.994,741.273
693.99,741.269
693.993,741.296
693.988,741.25
693.995,741.274
693.985,741.259
693.993,741.247
693.993,741.252
693.992,741.213
693.981,741.255
694,741.227
693.989,741.219
693.989,741.242
693.994,741.2
693.989,741.228
693.985,741.21
693.992,741.211
693.995,741.224
693.997,741.178
693.992,741.208
694.005,741.198
693.999,741.172
693.987,741.199
693.993,741.157
693.991,741.184
693.987,741.166
693.993,741.156
693.994,741.198
694,741.163
693.992,741.17
693.99,741.168
693.99,741.16
693.995,741.183
693.992,741.132
693.983,741.157
693.99,741.153
693.992,741.129
693.98,741.159
693.995,741.133
693.992,741.151
693.988,741.141
693.988,741.131
693.983,741.156
693.995,741.113
693.985,741.154
693.988,741.14
693.995,741.12
693.988,741.147
693.984,741.12
693.987,741.136
693.99,741.134
694.002,741.104
693.997,741.126
693.996,741.099
693.99,741.102
693.991,741.098
694,741.086
693.995,741.125
693.993,741.076
693.987,741.106
693.982,741.094
694,741.085
693.993,741.115
693.994,741.081
693.986,741.112
693.996,741.096
693.985,741.087
693.985,741.121
693.992,741.077
694.002,741.101
693.992,741.108
693.98,741.067
693.994,741.113
693.99,741.076
693.982,741.087
693.993,741.082
693.995,741.055
693.984,741.081
693.993,741.054
693.997,741.052
693.987,741.052
693.997,741.046
693.997,741.074
693.997,741.047
693.996,741.037
693.983,741.054
693.989,741.042
693.993,741.047
693.985,741.04
693.992,741.059
693.998,741.071
693.982,741.044
693.993,741.076
693.99,741.048
693.986,741.047
693.986,741.063
693.989,741.035
693.995,741.067
693.988,741.019
693.983,741.038
693.982,741.061
694.005,741.024
693.981,741.057
693.992,741.032
693.984,741.029
693.999,741.06
693.987,741.012
693.985,741.056
693.991,741.023
693.985,741.029
693.999,741.045
694.002,741.004
694.001,741.017
693.977,741.01
693.982,741.035
693.988,741.054
693.996,741.012
693.995,741.01
693.99,741.005
693.974,741.026
693.995,741.02
693.987,740.998
693.992,741.021
693.986,741.008
693.993,741.005
693.998,741.03
693.988,740.99
693.982,741.038
693.998,741.017
693.996,741
693.986,741.016
693.992,740.988
693.992,741.011
693.982,741.006
693.993,740.998
693.991,741.015
693.985,740.987
693.988,741.031
693.975,741.002
693.98,741.002
693.99,741.04
694.005,740.986
693.986,741.01
693.974,741.003
693.982,741.006
693.986,741.029
693.995,740.976
693.991,740.999
693.986,741.004
693.986,740.99
693.975,741.024
693.992,740.969
693.986,740.989
693.975,740.999
693.987,740.991
693.981,741.014
693.984,740.972
693.992,740.995
693.978,740.998
693.997,740.997
693.973,741.009
693.97,740.982
693.98,741.004
693.982,740.989
693.98,740.957
693.999,741.007
694.008,740.966
693.984,740.972
694.004,740.984
693.993,740.969
693.987,741.01
693.981,740.978
693.988,740.991
693.975,740.996
693.994,740.993
693.977,741
693.982,740.978
693.991,740.977
693.986,740.982
693.996,740.984
693.979,740.984
694.002,740.955
693.994,740.981
693.994,740.988
693.99,740.982
693.982,740.999
693.974,740.982
693.993,740.985
693.997,740.991
694,740.953
693.985,740.973
693.995,740.954
693.992,740.952
693.97,740.993
693.978,740.955
693.982,740.967
693.977,740.965
693.982,740.936
693.98,740.959
693.993,740.937
693.996,740.983
693.991,740.976
693.998,740.982
693.974,740.99
693.984,740.922
693.98,740.957
693.996,740.936
693.992,740.966
693.981,740.987
693.978,740.915
693.98,740.961
693.985,740.942
693.983,740.923
693.981,740.955
693.989,740.914
693.975,740.961
693.996,740.935
693.998,740.957
694.001,740.952
693.992,740.937
694.003,740.964
693.97,740.968
693.984,740.897
694,740.961
693.979,740.945
694.002,740.963
693.991,740.934
693.985,740.931
694.005,740.956
693.997,740.92
693.99,740.969
693.976,740.976
693.981,740.916
693.974,740.945
693.983,740.905
693.992,740.96
693.997,740.947
693.988,740.925
693.975,740.952
693.982,740.954
693.993,740.942
693.996,740.943
693.976,740.903
693.979,740.94
693.991,740.914
693.975,740.905
693.979,740.923
693.979,740.891
693.978,740.919
693.986,740.907
694,740.949
693.991,740.941
693.979,740.898
693.976,740.929
693.983,740.895
693.981,740.914
693.991,740.931
693.997,740.907
693.997,740.938
693.986,740.914
693.996,740.933
693.995,740.945
693.986,740.882
693.969,740.899
693.98,740.886
693.999,740.906
693.985,740.914
693.993,740.878
693.969,740.9
693.978,740.875
693.988,740.876
693.981,740.884
693.981,740.835
693.989,740.835
693.979,740.799
693.976,740.733
693.991,740.731
693.963,740.603
693.976,740.574
693.978,740.498
693.976,740.383
693.966,740.293
693.965,740.122
693.952,740.046
693.96,739.908
693.942,739.759
693.955,739.636
693.945,739.488
693.949,739.338
693.948,739.158
693.941,738.99
693.94,738.898
693.938,738.684
693.936,738.566
693.945,738.477
693.932,738.327
693.933,738.221
693.93,738.099
693.926,738.071
693.937,738.013
693.921,737.899
693.932,737.912
693.937,737.869
693.921,737.836
693.928,737.817
693.934,737.83
693.929,737.885
693.934,737.831
693.93,737.855
693.938,737.933
693.94,737.96
693.942,737.992
693.95,738.04
693.942,738.12
693.953,738.167
693.95,738.182
693.941,738.319
693.95,738.369
693.951,738.423
693.953,738.518
693.964,738.588
693.954,738.7
693.959,738.751
693.961,738.854
693.959,739.002
693.964,739.03
693.969,739.137
693.969,739.246
693.96,739.331
693.972,739.402
693.97,739.463
693.971,739.614
693.97,739.668
693.97,739.72
693.973,739.854
693.975,739.927
693.977,740.019
693.978,740.09
693.977,740.179
693.979,740.293
693.985,740.31
693.981,740.432
693.981,740.534
693.981,740.594
693.983,740.695
693.985,740.773
693.99,740.877
693.984,740.93
693.985,740.981
693.984,741.105
693.989,741.134
693.989,741.174
693.993,741.248
693.985,741.278
693.992,741.33
693.992,741.338
693.991,741.397
693.995,741.439
693.987,741.433
693.984,741.487
693.994,741.501
693.99,741.526
693.987,741.542
693.986,741.545
693.99,741.597
693.988,741.566
693.986,741.57
693.99,741.601
693.985,741.57
693.99,741.596
693.986,741.588
693.992,741.598
693.998,741.614
693.985,741.572
693.988,741.629
693.992,741.622
693.992,741.608
693.986,741.624
693.988,741.603
693.985,741.628
693.988,741.598
693.992,741.593
693.99,741.624
693.993,741.571
693.999,741.582
693.996,741.57
693.994,741.554
693.99,741.563
693.982,741.523
693.992,741.546
693.993,741.529
693.991,741.497
693.987,741.517
693.993,741.478
693.987,741.478
693.993,741.478
693.996,741.447
693.999,741.462
693.995,741.409
693.991,741.427
693.994,741.419
693.989,741.368
693.99,741.389
693.994,741.359
693.992,741.358
693.999,741.343
693.994,741.324
693.994,741.351
693.996,741.302
693.99,741.317
693.999,741.33
693.989,741.298
693.989,741.323
693.998,741.29
693.985,741.302
693.987,741.296
693.984,741.281
693.984,741.319
693.976,741.291
693.987,741.295
693.981,741.303
693.985,741.283
693.985,741.307
693.987,741.269
693.992,741.281
693.99,741.298
693.98,741.262
693.991,741.303
693.991,741.267
693.983,741.27
693.989,741.283
693.996,741.25
693.985,741.285
693.992,741.251
693.987,741.243
693.985,741.266
693.991,741.22
693.988,741.237
693.982,741.23
693.99,741.227
693.988,741.248
693.99,741.202
693.985,741.241
693.986,741.206
693.98,741.197
693.981,741.232
693.993,741.19
693.994,741.2
693.987,741.188
693.992,741.189
693.986,741.197
693.991,741.168
693.989,741.171
693.995,741.183
693.987,741.159
693.987,741.185
693.99,741.148
693.989,741.184
693.994,741.172
693.989,741.157
693.988,741.182
693.992,741.151
693.981,741.151
693.984,741.149
693.976,741.132
693.988,741.148
693.986,741.124
693.981,741.145
693.989,741.141
693.984,741.126
693.982,741.165
693.985,741.125
693.985,741.135
693.974,741.139
693.989,741.123
693.996,741.142
693.985,741.098
693.989,741.11
693.993,741.122
693.999,741.092
693.99,741.123
693.982,741.096
693.981,741.095
693.979,741.099
693.981,741.079
693.979,741.124
693.988,741.106
693.973,741.103
693.987,741.125
693.979,741.086
693.991,741.119
693.991,741.093
693.991,741.095
693.99,741.103
693.99,741.072
693.983,741.094
693.979,741.077
693.982,741.065
693.987,741.073
693.991,741.054
693.993,741.073
693.985,741.059
693.976,741.066
693.98,741.088
693.995,741.06
693.98,741.074
693.984,741.069
693.985,741.069
693.982,741.095
693.98,741.048
693.98,741.071
693.98,741.065
693.985,741.05
693.977,741.082
693.99,741.052
693.978,741.08
693.98,741.063
693.988,741.039
693.977,741.066
693.984,741.035
693.968,741.065
693.989,741.063
693.974,741.041
693.989,741.075
693.992,741.025
693.997,741.038
693.982,741.034
693.983,741.033
693.978,741.067
693.966,741.023
693.976,741.055
693.985,741.052
693.974,741.037
693.977,741.045
693.991,741.014
694,741.025
693.989,741.041
693.992,741.004
693.984,741.023
693.973,741.019
693.99,741.042
693.989,741.053
693.995,740.993
693.992,741.02
693.99,741.005
693.989,741.025
693.974,741.02
693.977,741.009
693.978,741.032
693.986,741.018
693.983,741.001
693.992,741.024
693.977,740.999
693.984,741.043
693.996,741.016
693.988,741.001
693.978,741.018
693.993,740.995
693.986,741.027
693.978,741
693.98,741
693.995,741.049
693.985,740.995
693.982,741.014
693.981,741.003
693.985,741.009
693.982,741.009
693.987,740.971
693.977,741.009
693.98,741.001
693.984,741.004
693.977,741.011
693.985,740.987
693.991,741.005
693.976,740.996
693.981,740.991
693.976,741.03
693.972,740.992
693.978,741.001
693.998,740.979
693.988,740.993
693.979,741.007
693.977,740.979
693.986,740.999
694.006,740.996
693.994,740.988
693.977,741.001
693.986,740.97
693.989,740.99
694,740.987
693.989,740.988
693.967,741.018
693.986,740.967
693.977,740.978
693.998,740.981
693.984,740.972
693.997,740.994
693.986,740.968
693.995,740.993
693.977,741
693.975,740.961
693.989,740.983
693.991,740.952
693.979,740.968
693.992,740.978
693.989,740.966
693.985,741.003
693.992,740.957
693.992,740.984
693.979,740.976
693.981,740.933
693.983,740.964
693.99,740.949
693.981,740.985
693.967,740.998
693.982,740.928
693.984,740.964
694.001,740.941
693.996,740.965
693.985,740.975
693.983,740.941
693.981,740.98
693.99,740.923
693.994,740.952
693.982,740.988
693.978,740.958
693.99,740.963
693.98,740.943
693.977,740.916
694.002,740.957
693.986,740.94
693.978,740.944
693.975,740.937
693.972,740.919
693.981,740.983
693.984,740.939
693.978,740.946
693.992,740.917
693.988,740.928
693.984,740.974
693.977,740.904
693.991,740.942
693.996,740.93
693.979,740.906
693.986,740.915
693.979,740.918
693.997,740.956
693.992,740.944
693.988,740.931
693.998,740.953
693.983,740.927
693.991,740.909
693.983,740.909
693.981,740.847
693.976,740.892
693.983,740.813
693.978,740.806
693.98,740.75
693.985,740.669
693.966,740.638
693.985,740.559
693.98,740.468
693.978,740.368
693.968,740.213
693.962,740.129
693.965,739.95
693.98,739.834
693.954,739.712
693.947,739.5
693.947,739.378
693.952,739.218
693.95,739.092
693.938,738.934
693.941,738.762
693.932,738.69
693.941,738.557
693.936,738.424
693.935,738.352
693.935,738.238
693.927,738.183
693.939,738.066
693.933,738.038
693.937,738.038
693.93,737.957
693.939,737.924
693.922,737.883
693.924,737.891
693.937,737.895
693.927,737.845
693.929,737.916
693.938,737.942
693.938,737.92
693.94,737.981
693.942,738.034
693.949,738.138
693.947,738.146
693.941,738.192
693.938,738.328
693.956,738.362
693.95,738.432
693.952,738.519
693.956,738.625
693.957,738.727
693.96,738.759
693.956,738.886
693.961,738.993
693.964,739.071
693.967,739.186
693.963,739.264
693.97,739.402
693.97,739.471
693.97,739.541
693.966,739.689
693.974,739.765
693.974,739.853
693.972,739.951
693.978,740.053
693.977,740.183
693.974,740.219
693.979,740.323
693.976,740.443
693.985,740.509
693.98,740.598
693.984,740.663
693.98,740.777
693.984,740.851
693.987,740.883
693.986,740.991
693.983,741.049
693.991,741.116
693.981,741.175
693.981,741.219
693.982,741.313
693.987,741.322
693.977,741.365
693.983,741.417
693.99,741.448
693.996,741.495
693.993,741.489
693.985,741.532
693.988,741.58
693.99,741.558
693.993,741.605
693.985,741.61
693.99,741.622
693.996,741.641
693.99,741.622
693.992,741.665
693.991,741.653
693.994,741.649
693.991,741.673
693.99,741.657
693.992,741.689
693.989,741.665
693.989,741.665
693.987,741.692
693.993,741.649
694.001,741.678
693.995,741.664
693.992,741.658
693.997,741.669
693.991,741.626
693.994,741.658
693.982,741.646
693.991,741.63
693.991,741.643
693.99,741.601
693.988,741.624
693.997,741.595
693.995,741.575
693.995,741.601
693.993,741.541
693.985,741.557
693.99,741.538
693.988,741.524
693.995,741.537
693.987,741.491
693.991,741.498
693.987,741.479
693.99,741.444
693.985,741.459
693.986,741.42
693.99,741.434
693.985,741.406
693.986,741.39
693.987,741.411
693.986,741.362
693.988,741.371
693.994,741.371
693.997,741.359
693.985,741.375
693.989,741.334
693.985,741.352
693.987,741.346
693.979,741.314
693.992,741.339
693.997,741.303
693.988,741.324
693.979,741.311
693.982,741.296
693.987,741.325
693.986,741.275
693.983,741.29
693.983,741.293
693.99,741.259
693.995,741.276
693.989,741.242
693.989,741.258
693.977,741.261
693.986,741.225
693.983,741.263
693.987,741.234
693.983,741.245
693.991,741.234
693.988,741.219
693.984,741.244
693.975,741.202
693.993,741.218
693.985,741.213
693.99,741.189
693.977,741.222
693.984,741.198
693.991,741.214
693.986,741.217
693.993,741.175
693.988,741.214
693.986,741.179
693.991,741.179
693.987,741.184
693.973,741.163
693.988,741.202
693.977,741.153
693.976,741.186
693.979,741.201
693.985,741.168
693.979,741.198
693.986,741.162
693.984,741.187
693.984,741.177
693.99,741.139
693.98,741.171
693.981,741.136
693.992,741.138
693.973,741.143
693.982,741.128
693.985,741.156
693.977,741.119
693.991,741.141
693.979,741.157
693.985,741.12
693.975,741.154
693.975,741.139
693.98,741.142
693.981,741.152
693.993,741.129
693.987,741.166
693.975,741.123
693.988,741.125
693.987,741.154
693.98,741.114
693.989,741.146
693.983,741.106
693.98,741.1
693.987,741.144
693.984,741.084
693.984,741.116
693.993,741.088
693.988,741.1
693.987,741.109
693.984,741.08
693.987,741.095
693.988,741.079
694.001,741.07
693.986,741.085
693.978,741.066
693.999,741.103
693.982,741.084
693.981,741.087
693.979,741.104
693.988,741.082
693.974,741.13
693.984,741.083
693.98,741.083
693.983,741.1
693.988,741.071
693.986,741.096
693.99,741.069
693.988,741.08
693.988,741.104
693.982,741.067
693.981,741.092
693.986,741.079
693.991,741.059
693.985,741.082
693.992,741.051
693.991,741.061
693.988,741.052
693.981,741.05
693.994,741.077
694.002,741.034
693.999,741.032
693.975,741.023
693.987,741.053
693.992,741.077
693.986,741.041
693.985,741.079
694.001,741.056
693.998,741.043
693.991,741.06
693.98,741.045
693.973,741.08
693.988,741.039
693.985,741.044
693.986,741.075
693.975,741.034
693.988,741.06
693.991,741.039
694.001,741.025
693.973,741.041
693.985,741.023
693.991,741.045
693.977,741.026
693.984,741.008
693.985,741.033
693.98,741.016
693.984,741.067
693.982,741.038
693.986,741.017
693.991,741.048
693.983,741.006
693.986,741.048
693.974,741.024
693.968,741.029
693.98,741.05
693.98,741.015
693.988,741.038
693.99,741.016
693.988,741.003
693.982,741.02
693.975,741.009
693.983,741.04
694.001,741.015
694.001,740.997
693.983,741.009
693.972,741.006
693.992,741.044
693.995,741.022
693.991,740.99
693.997,741.003
693.969,741.006
693.981,741.036
693.97,741.006
693.973,741.012
693.975,741.042
693.981,740.996
693.995,741.007
694.007,741.015
693.998,740.991
693.983,741.003
693.975,740.989
693.98,741.026
693.972,741
693.98,740.974
693.98,741.001
693.977,740.996
693.99,741.007
693.971,740.997
693.981,740.992
693.973,741.018
693.976,740.969
693.987,740.996
693.99,740.993
693.989,740.985
693.985,741.004
693.995,740.959
693.986,740.99
693.993,740.979
693.994,740.989
693.988,741.005
693.975,740.969
693.98,740.972
693.993,740.976
693.997,740.976
693.974,741.002
693.975,740.945
693.97,740.99
693.982,740.966
693.983,740.947
693.993,740.979
693.985,740.932
693.984,740.97
693.986,740.967
693.994,740.976
693.988,740.994
693.98,740.961
693.976,740.964
693.978,740.938
693.986,740.958
693.983,740.99
693.982,740.937
693.976,740.968
693.973,740.972
693.98,740.921
693.967,740.993
693.983,740.941
693.972,740.924
693.978,740.91
693.995,740.941
693.972,740.962
693.982,740.901
693.971,740.897
693.976,740.874
693.977,740.827
693.987,740.816
693.983,740.752
693.992,740.748
693.975,740.652
693.968,740.535
693.97,740.449
693.975,740.366
693.968,740.297
693.972,740.159
693.974,740.002
693.956,739.89
693.954,739.529
693.951,739.552
693.95,739.512
693.953,739.451
693.949,739.377
693.955,739.216
693.953,739.133
693.961,739.001
693.944,738.853
693.94,738.734
693.943,738.639
693.955,738.554
693.945,738.409
693.952,738.336
693.949,738.318
693.949,738.214
693.947,738.157
693.948,738.097
693.934,738.042
693.94,738.011
693.943,737.944
693.947,737.999
693.942,737.992
693.946,737.989
693.955,737.992
693.957,737.928
693.952,738
693.953,737.978
693.956,737.977
693.95,738.065
693.946,738.043
693.956,738.082
693.951,738.131
693.952,738.192
693.96,738.25
693.963,738.244
693.957,738.355
693.96,738.424
693.963,738.452
693.965,738.532
693.965,738.598
693.969,738.718
693.967,738.767
693.966,738.855
693.969,738.997
693.973,739.027
693.967,739.102
693.972,739.159
693.968,739.258
693.973,739.354
693.967,739.391
693.971,739.526
693.974,739.601
693.975,739.651
693.976,739.778
693.98,739.871
693.983,740.005
693.976,740.053
693.98,740.129
693.978,740.233
693.984,740.257
693.979,740.376
693.977,740.427
693.991,740.464
693.982,740.528
693.984,740.559
693.984,740.681
693.986,740.71
693.985,740.745
693.977,740.849
693.982,740.878
693.981,740.928
693.981,740.941
693.985,741
693.987,741.083
694.001,741.056
693.982,741.111
693.982,741.17
693.986,741.195
693.986,741.225
693.985,741.237
693.99,741.303
693.995,741.305
693.991,741.32
693.987,741.387
693.99,741.376
693.992,741.409
693.987,741.411
693.992,741.426
693.994,741.482
693.998,741.441
693.992,741.509
693.998,741.52
693.992,741.522
693.988,741.543
693.994,741.517
693.99,741.572
693.988,741.563
693.989,741.556
693.996,741.599
694.001,741.565
693.997,741.583
693.996,741.578
693.991,741.577
693.987,741.6
693.985,741.556
693.989,741.588
693.985,741.586
693.995,741.569
693.986,741.584
693.995,741.57
693.997,741.59
693.993,741.566
693.997,741.563
693.984,741.594
693.993,741.553
693.992,741.566
693.992,741.553
693.993,741.543
693.991,741.566
693.995,741.516
693.989,741.541
693.985,741.507
693.985,741.478
693.992,741.493
693.987,741.438
693.996,741.451
693.992,741.453
693.987,741.418
693.994,741.434
693.995,741.378
693.991,741.404
693.993,741.392
693.987,741.37
693.992,741.378
693.996,741.334
693.991,741.363
693.985,741.332
693.985,741.314
693.987,741.331
693.99,741.295
693.989,741.31
693.988,741.288
693.985,741.289
693.988,741.294
693.983,741.248
693.982,741.276
693.988,741.267
693.988,741.251
693.989,741.263
693.986,741.235
693.981,741.256
693.988,741.218
693.982,741.226
693.987,741.237
693.981,741.215
693.989,741.236
693.988,741.222
693.987,741.216
693.983,741.231
693.99,741.195
693.991,741.226
693.983,741.2
693.978,741.184
693.991,741.212
693.992,741.173
693.979,741.201
693.981,741.169
693.984,741.19
693.973,741.209
693.986,741.167
693.984,741.189
693.98,741.168
693.989,741.157
693.989,741.172
693.989,741.15
693.997,741.157
693.977,741.126
693.972,741.128
693.976,741.165
693.987,741.129
693.981,741.157
693.986,741.142
693.986,741.154
693.981,741.161
693.972,741.133
693.983,741.166
693.974,741.139
693.983,741.137
693.975,741.156
693.984,741.132
693.985,741.16
693.984,741.126
693.99,741.114
693.985,741.129
693.981,741.088
693.99,741.135
693.992,741.1
693.993,741.095
693.986,741.117
693.989,741.09
693.982,741.124
693.98,741.104
693.977,741.091
693.974,741.108
693.969,741.086
693.987,741.13
693.979,741.111
693.981,741.113
693.991,741.122
694.004,741.09
693.983,741.119
693.969,741.102
693.98,741.087
693.987,741.1
693.996,741.078
693.99,741.112
693.977,741.089
693.973,741.065
693.984,741.098
693.997,741.063
693.983,741.092
693.99,741.076
693.987,741.059
693.985,741.084
693.981,741.04
693.976,741.084
693.991,741.069
693.995,741.031
693.992,741.052
693.982,741.047
693.986,741.07
693.993,741.056
693.978,741.06
693.986,741.081
693.981,741.05
693.981,741.078
693.991,741.055
693.993,741.044
693.977,741.07
693.977,741.039
693.977,741.072
693.982,741.05
693.976,741.049
693.964,741.074
693.975,741.028
693.989,741.072
693.98,741.047
693.988,741.045
693.971,741.068
693.988,741.027
693.972,741.064
693.991,741.046
693.988,741.029
693.974,741.047
693.973,741.023
693.969,741.06
693.986,741.047
693.996,741.021
693.984,741.03
693.969,741.019
693.979,741.063
693.978,741.019
693.966,741.028
693.993,741.055
694.004,741.007
693.991,741.008
693.977,741.006
693.985,741.034
693.969,741.033
693.969,741.005
693.984,741.047
693.995,741.035
693.989,740.999
693.985,741.007
693.977,740.999
693.985,741.039
693.988,741.017
693.991,740.993
693.975,741.022
693.981,741.001
693.974,741.02
693.966,740.999
693.97,741.021
693.974,741.048
693.988,740.988
693.985,741.012
693.98,741.013
693.976,741.009
694,741.018
693.971,740.989
693.984,741.011
693.972,740.996
693.976,740.986
693.984,741.017
693.969,741
693.974,741.012
693.984,741.007
693.981,740.991
693.968,741.017
693.971,740.98
693.977,741.025
693.98,741
693.984,740.997
693.964,741.012
693.974,740.965
693.983,741.002
693.999,740.989
693.986,740.974
693.992,741.005
693.99,740.97
693.982,740.999
693.964,740.994
693.979,740.991
693.97,741.004
693.98,740.96
693.981,740.974
693.972,740.986
693.982,740.963
693.96,740.995
693.981,740.979
693.986,740.998
693.972,740.982
693.969,740.951
693.974,740.99
693.987,740.917
693.993,740.961
693.965,740.966
693.987,740.969
693.996,740.977
693.995,740.94
693.995,740.976
693.983,740.942
693.988,740.927
693.971,740.903
693.991,740.85
693.995,740.866
693.97,740.81
693.984,740.75
693.975,740.73
693.971,740.643
693.979,740.585
693.974,740.509
693.973,740.427
693.978,740.394
693.968,740.229
693.966,740.192
693.968,740.101
693.948,739.962
693.971,739.898
693.963,739.77
693.957,739.726
693.955,739.628
693.964,739.536
693.951,739.503
693.95,739.395
693.962,739.312
693.96,739.173
693.955,739.093
693.955,739.052
693.951,738.894
693.956,738.816
693.971,738.751
693.942,738.69
693.969,738.621
693.949,738.527
693.951,738.552
693.953,738.512
693.956,738.433
693.964,738.422
693.955,738.374
693.964,738.385
693.96,738.353
693.966,738.359
693.961,738.413
693.951,738.347
693.962,738.369
693.965,738.379
693.96,738.405
693.964,738.412
693.96,738.394
693.966,738.469
693.964,738.498
693.965,738.507
693.971,738.573
693.977,738.619
693.976,738.712
693.97,738.728
693.968,738.791
693.972,738.895
693.972,738.929
693.973,739.008
693.973,739.096
693.981,739.19
693.981,739.281
693.987,739.309
693.982,739.436
693.981,739.516
693.983,739.576
693.985,739.675
693.984,739.753
693.983,739.856
693.989,739.906
693.98,739.993
693.989,740.09
693.981,740.131
693.985,740.223
693.985,740.287
693.989,740.357
693.983,740.442
693.982,740.479
693.984,740.594
693.989,740.634
693.994,740.671
693.986,740.768
693.985,740.793
693.983,740.853
693.981,740.888
693.987,740.937
693.98,741.005
693.976,741.001
693.983,741.082
693.986,741.121
693.988,741.137
693.982,741.207
693.983,741.226
693.988,741.302
693.976,741.302
693.982,741.329
693.979,741.391
693.984,741.399
693.982,741.452
693.981,741.465
693.988,741.487
693.981,741.543
693.986,741.525
693.981,741.567
693.986,741.579
693.985,741.577
693.984,741.603
693.983,741.587
693.98,741.636
693.985,741.609
693.983,741.606
693.983,741.65
693.976,741.63
693.979,741.638
693.989,741.619
693.983,741.622
693.985,741.656
693.986,741.604
693.98,741.641
693.982,741.62
693.981,741.615
693.987,741.614
693.977,741.578
693.977,741.607
693.977,741.571
693.977,741.55
693.983,741.569
693.98,741.522
693.986,741.535
693.978,741.509
693.983,741.483
693.986,741.499
693.976,741.452
693.977,741.477
693.982,741.452
693.979,741.431
693.983,741.446
693.978,741.406
693.989,741.426
693.983,741.398
693.979,741.381
693.976,741.403
693.985,741.359
693.978,741.371
693.978,741.355
693.974,741.343
693.98,741.353
693.986,741.317
693.982,741.346
693.982,741.309
693.982,741.303
693.977,741.32
693.983,741.288
693.978,741.302
693.986,741.276
693.986,741.283
693.984,741.3
693.984,741.239
693.992,741.275
693.978,741.26
693.979,741.244
693.977,741.259
693.979,741.232
693.983,741.251
693.99,741.228
693.982,741.221
693.99,741.244
693.981,741.21
693.975,741.238
693.978,741.21
693.988,741.223
693.984,741.22
693.985,741.191
693.981,741.209
693.993,741.186
693.976,741.187
693.98,741.2
693.977,741.169
693.987,741.197
693.984,741.166
693.974,741.174
693.984,741.199
693.985,741.162
693.975,741.185
693.975,741.166
693.972,741.176
693.979,741.193
693.976,741.148
693.979,741.2
693.984,741.168
693.981,741.152
693.979,741.175
693.97,741.137
693.996,741.167
693.985,741.154
693.986,741.13
693.977,741.15
693.97,741.114
693.984,741.141
693.985,741.123
693.983,741.112
693.981,741.114
693.972,741.105
693.98,741.134
693.989,741.113
693.978,741.121
693.984,741.141
693.977,741.105
693.969,741.147
693.968,741.115
693.983,741.123
693.979,741.138
693.991,741.09
693.984,741.107
693.981,741.09
693.98,741.088
693.979,741.099
693.992,741.071
693.978,741.1
693.977,741.069
693.98,741.075
693.985,741.089
693.969,741.061
693.977,741.09
693.982,741.066
693.974,741.084
693.978,741.093
693.995,741.062
693.986,741.096
693.971,741.059
693.988,741.09
693.969,741.104
693.977,741.06
693.975,741.096
693.967,741.078
693.986,741.087
693.974,741.097
693.976,741.048
693.972,741.097
693.978,741.076
693.977,741.06
693.978,741.079
693.973,741.059
693.977,741.081
693.989,741.056
693.986,741.061
693.981,741.072
693.973,741.034
693.987,741.049
693.994,741.059
693.985,741.041
693.983,741.039
693.984,741.028
693.992,741.045
693.988,741.035
693.986,741.048
693.972,741.037
693.97,741.026
693.976,741.073
693.985,741.035
693.976,741.053
693.982,741.062
693.986,741.016
693.993,741.029
693.99,741.028
693.983,741.029
693.97,741.016
693.977,741.019
693.975,741.062
693.982,741.022
693.986,741.022
693.993,741.058
693.996,741.009
693.982,741.058
693.985,741.006
693.983,741.021
693.97,741.02
693.98,741
693.986,741.039
693.979,741.003
693.977,741.021
693.992,741.042
693.99,741
693.969,741.019
693.973,741.011
693.994,741.022
693.973,741.016
693.989,740.986
693.981,741.022
693.976,741.005
693.984,741.016
693.994,741.033
693.998,740.993
693.972,741.02
693.973,740.997
693.974,741.001
693.989,741.027
693.984,740.986
693.984,741.031
693.983,741.008
693.987,740.987
693.982,741.001
693.971,740.979
693.985,741.046
693.971,740.988
693.98,741.011
693.975,741.003
693.984,740.981
693.997,741.01
694,740.98
693.996,740.998
693.987,741
693.992,740.994
693.994,741.001
694.004,740.989
693.999,740.997
693.986,741.003
693.986,740.997
693.972,741.004
693.979,740.959
693.973,740.971
693.998,740.973
693.983,740.959
693.998,740.996
693.987,740.966
693.986,740.968
693.981,740.99
693.989,740.972
693.981,741.002
693.967,740.954
693.969,740.945
693.966,740.983
693.984,740.935
693.957,740.951
693.985,740.892
693.976,740.88
693.992,740.865
693.978,740.828
693.974,740.832
693.994,740.78
693.972,740.747
693.972,740.698
693.976,740.64
693.98,740.607
693.97,740.511
693.97,740.415
693.979,740.345
693.965,740.196
693.964,740.124
693.969,739.957
693.962,739.892
693.963,739.788
693.96,739.627
693.951,739.55
693.963,739.413
693.968,739.321
693.947,739.201
693.959,739.103
693.952,739.054
693.946,738.907
693.939,738.806
693.951,738.737
693.939,738.655
693.943,738.593
693.949,738.5
693.946,738.483
693.937,738.457
693.942,738.372
693.949,738.391
693.943,738.354
693.942,738.345
693.949,738.308
693.944,738.287
693.945,738.353
693.946,738.272
693.955,738.294
693.95,738.348
693.945,738.336
693.945,738.338
693.951,738.361
693.948,738.429
693.951,738.435
693.962,738.448
693.961,738.536
693.959,738.569
693.96,738.61
693.969,738.667
693.958,738.728
693.964,738.819
693.965,738.82
693.965,738.929
693.969,739.035
693.962,739.06
693.968,739.148
693.968,739.216
693.968,739.337
693.975,739.402
693.976,739.444
693.977,739.577
693.977,739.619
693.979,739.686
693.972,739.782
693.981,739.853
693.985,739.95
693.975,739.986
693.972,740.107
693.974,740.206
693.98,740.232
693.981,740.342
693.976,740.422
693.981,740.491
693.982,740.547
693.984,740.607
693.979,740.718
693.988,740.732
693.979,740.802
693.984,740.894
693.99,740.939
693.993,741.015
693.98,741.037
693.986,741.128
693.986,741.173
693.988,741.199
693.99,741.28
693.985,741.3
693.983,741.342
693.983,741.381
693.987,741.4
693.987,741.471
693.985,741.458
693.987,741.493
693.983,741.535
693.991,741.536
693.988,741.573
693.984,741.557
693.988,741.595
693.988,741.61
693.981,741.592
693.988,741.645
693.994,741.633
693.985,741.634
693.993,741.649
693.981,741.644
693.983,741.673
693.984,741.631
693.986,741.65
693.982,741.665
693.982,741.63
693.988,741.657
693.991,741.628
693.99,741.647
693.984,741.629
693.986,741.614
693.986,741.648
693.991,741.608
693.986,741.603
693.983,741.601
693.983,741.587
693.986,741.609
693.98,741.561
693.982,741.585
693.985,741.578
693.986,741.537
693.988,741.558
693.979,741.516
693.977,741.512
693.985,741.508
693.987,741.474
693.99,741.497
693.978,741.446
693.978,741.444
693.985,741.443
693.994,741.401
693.978,741.429
693.992,741.39
693.983,741.399
693.99,741.388
693.992,741.368
693.988,741.39
693.979,741.354
693.983,741.351
693.981,741.366
693.989,741.335
693.989,741.357
693.979,741.317
693.984,741.333
693.981,741.339
693.987,741.292
693.984,741.33
693.983,741.298
693.986,741.288
693.978,741.294
693.981,741.283
693.992,741.295
693.981,741.264
693.99,741.268
693.985,741.29
693.983,741.249
693.984,741.265
693.987,741.247
693.982,741.251
693.984,741.243
693.984,741.224
693.985,741.257
693.995,741.223
693.982,741.226
693.98,741.228
693.981,741.212
693.985,741.231
693.981,741.212
693.992,741.218
693.99,741.23
693.986,741.19
693.984,741.22
693.983,741.185
693.987,741.194
693.988,741.197
693.979,741.18
693.986,741.195
693.986,741.179
693.987,741.199
693.986,741.209
693.976,741.161
693.986,741.2
693.995,741.175
693.983,741.178
693.981,741.178
693.986,741.146
693.985,741.19
693.987,741.146
693.982,741.146
693.983,741.167
693.988,741.134
693.987,741.151
693.988,741.119
693.983,741.128
693.986,741.146
693.971,741.115
693.988,741.154
693.988,741.116
693.977,741.135
693.981,741.145
693.987,741.121
693.986,741.164
693.992,741.134
693.972,741.142
693.986,741.149
693.986,741.109
693.981,741.151
693.979,741.12
693.982,741.111
693.981,741.112
693.994,741.092
693.982,741.14
693.988,741.087
693.99,741.101
693.983,741.118
693.996,741.075
693.98,741.091
693.994,741.085
693.984,741.11
693.987,741.104
693.973,741.07
693.991,741.107
693.975,741.077
693.978,741.088
693.983,741.103
693.971,741.066
693.988,741.113
693.984,741.076
693.977,741.105
693.977,741.093
693.979,741.059
693.981,741.106
693.986,741.079
693.994,741.08
693.983,741.102
693.991,741.069
693.984,741.099
693.978,741.059
693.978,741.071
693.985,741.082
693.977,741.046
693.981,741.091
693.993,741.065
693.981,741.062
693.987,741.076
693.992,741.046
693.988,741.075
693.981,741.045
693.985,741.054
693.989,741.076
693.987,741.042
693.995,741.028
693.978,741.019
693.988,741.054
693.981,741.069
693.999,741.029
693.991,741.059
693.981,741.038
693.987,741.042
693.991,741.076
693.98,741.034
693.986,741.052
693.981,741.033
693.99,741.053
693.99,741.067
693.993,741.012
693.981,741.05
693.977,741.034
693.987,741.034
693.983,741.047
693.99,741.027
693.978,741.059
693.986,741.022
693.98,741.025
693.967,741.024
693.978,741.014
693.996,741.061
693.988,741.03
693.987,741.003
693.971,741.02
693.976,741.014
693.985,741.032
693.967,741.002
693.981,741.029
693.973,741.037
693.981,741.016
693.993,741.035
693.982,741.001
693.983,741.032
693.992,741.038
693.997,740.991
693.978,741.024
693.98,741.001
693.986,741.01
693.979,741.017
693.988,740.998
693.996,741.024
693.995,740.992
694.003,740.995
694.009,741.016
693.989,740.976
693.997,740.999
693.995,741.001
694,740.997
693.993,741.001
693.987,740.995
693.982,741.023
693.985,740.974
693.986,740.968
693.987,740.996
693.98,740.981
693.977,741.002
693.976,740.965
693.978,740.956
693.975,740.989
693.977,740.957
693.976,740.991
693.976,740.94
693.982,740.902
693.971,740.907
693.983,740.837
693.979,740.853
693.985,740.766
693.971,740.709
693.975,740.66
693.97,740.583
693.96,740.538
693.979,740.415
693.974,740.364
693.972,740.265
693.981,740.114
693.973,740.023
693.969,739.895
693.975,739.783
693.969,739.639
693.961,739.508
693.963,739.439
693.959,739.261
693.954,739.158
693.96,739.077
693.961,738.957
693.956,738.864
693.953,738.77
693.947,738.756
693.954,738.673
693.964,738.516
693.957,738.489
693.955,738.416
693.959,738.377
693.962,738.323
693.967,738.292
693.962,738.295
693.966,738.224
693.97,738.235
693.964,738.284
693.959,738.273
693.967,738.279
693.976,738.298
693.972,738.352
693.977,738.361
693.97,738.334
693.973,738.426
693.98,738.448
693.969,738.467
693.972,738.505
693.977,738.559
693.972,738.624
693.98,738.611
693.976,738.683
693.971,738.766
693.975,738.764
693.975,738.832
693.975,738.878
693.973,738.971
693.984,738.999
693.972,739.039
693.979,739.156
693.975,739.19
693.976,739.225
693.977,739.284
693.98,739.347
693.978,739.43
693.974,739.465
693.973,739.584
693.976,739.662
693.979,739.703
693.979,739.853
693.984,739.909
693.986,739.999
693.99,740.036
693.986,740.102
693.983,740.226
693.985,740.257
693.986,740.333
693.986,740.432
693.988,740.484
693.979,740.539
693.989,740.561
693.985,740.655
693.987,740.717
693.983,740.749
693.988,740.864
693.985,740.907
693.98,740.975
693.978,741.008
693.984,741.053
693.983,741.118
693.983,741.105
693.98,741.161
693.981,741.228
693.987,741.246
693.981,741.3
693.99,741.302
693.985,741.373
693.984,741.383
693.985,741.353
693.985,741.405
693.99,741.376
693.985,741.376
693.981,741.374
693.98,741.366
693.984,741.393
693.984,741.367
693.986,741.403
693.982,741.428
693.987,741.419
693.984,741.475
693.981,741.469
693.98,741.51
693.984,741.509
693.983,741.504
693.979,741.57
693.984,741.533
693.988,741.554
693.986,741.565
693.985,741.56
693.986,741.602
693.989,741.572
693.99,741.608
693.987,741.615
693.982,741.601
693.981,741.626
693.992,741.602
693.982,741.621
693.984,741.6
693.986,741.59
693.985,741.622
693.985,741.58
693.983,741.59
693.989,741.577
693.985,741.556
693.993,741.572
693.983,741.523
693.987,741.549
693.983,741.526
693.973,741.482
693.985,741.512
693.987,741.474
693.982,741.484
693.983,741.454
693.988,741.437
693.984,741.463
693.987,741.416
693.991,741.43
693.988,741.416
693.981,741.401
693.985,741.413
693.976,741.382
693.987,741.403
693.986,741.376
693.988,741.35
693.984,741.384
693.983,741.333
693.983,741.358
693.98,741.347
693.989,741.325
693.987,741.342
693.981,741.3
693.982,741.329
693.991,741.3
693.985,741.277
693.987,741.309
693.985,741.268
693.99,741.292
693.986,741.278
693.981,741.259
693.989,741.285
693.983,741.237
693.986,741.26
693.983,741.253
693.988,741.231
693.986,741.238
693.972,741.236
693.988,741.25
693.989,741.235
693.984,741.23
693.979,741.255
693.982,741.205
693.988,741.219
693.989,741.211
693.991,741.205
693.987,741.216
693.984,741.178
693.986,741.221
693.99,741.194
693.988,741.185
693.988,741.222
693.98,741.181
693.987,741.211
693.985,741.193
693.989,741.188
693.985,741.216
693.986,741.162
693.984,741.201
693.988,741.188
693.987,741.166
693.982,741.172
693.985,741.146
693.999,741.162
693.985,741.14
693.981,741.145
693.982,741.168
693.978,741.134
693.983,741.16
693.978,741.148
693.984,741.146
693.983,741.156
693.987,741.133
693.983,741.17
693.991,741.145
693.98,741.151
693.98,741.169
693.981,741.135
693.985,741.159
693.987,741.141
693.988,741.134
693.999,741.147
693.998,741.105
693.99,741.144
693.99,741.113
693.983,741.111
693.988,741.115
693.996,741.096
693.989,741.111
693.986,741.091
693.986,741.112
693.987,741.133
693.976,741.086
693.978,741.141
693.983,741.105
693.983,741.113
693.985,741.129
693.971,741.107
693.981,741.143
693.976,741.103
693.979,741.1
693.985,741.116
694,741.093
693.986,741.099
693.992,741.081
693.994,741.097
693.995,741.115
693.988,741.054
693.983,741.096
693.976,741.077
693.973,741.072
693.988,741.09
693.975,741.055
693.982,741.097
693.996,741.065
693.997,741.052
693.989,741.07
693.977,741.054
693.989,741.091
693.99,741.057
693.994,741.058
693.979,741.073
693.975,741.041
693.985,741.095
693.98,741.048
693.986,741.054
693.987,741.086
693.974,741.046
693.986,741.08
693.985,741.037
693.992,741.06
693.978,741.055
693.98,741.031
693.977,741.083
693.981,741.041
693.972,741.052
693.99,741.058
693.988,741.033
693.99,741.05
693.968,741.016
693.988,741.031
693.985,741.064
693.991,741.023
693.979,741.038
693.979,741.018
693.968,741.057
693.992,741.062
693.987,741.005
693.976,741.05
693.973,741.023
693.989,741.034
693.99,741.028
693.978,741.004
693.99,741.046
693.997,740.998
693.992,741.019
693.97,741.006
693.969,741.008
693.977,741.04
693.966,740.996
693.992,741.006
694.001,741.011
693.979,741.018
693.993,741.061
693.976,740.997
693.989,741.022
693.976,741.006
693.974,740.998
693.979,741.021
693.988,740.99
693.977,741.018
694.004,741.003
693.991,740.98
693.99,741.003
693.979,740.989
693.977,741.007
693.977,740.982
693.988,740.942
693.999,740.976
693.993,740.923
694,740.966
693.982,740.946
693.983,740.923
693.983,740.925
693.979,740.849
693.985,740.837
693.977,740.781
693.983,740.674
693.978,740.651
693.969,740.534
693.987,740.493
693.975,740.375
693.971,740.222
693.979,740.173
693.961,740.012
693.969,739.946
693.96,739.807
693.965,739.704
693.963,739.59
693.96,739.409
693.961,739.367
693.964,739.238
693.949,739.099
693.96,739.007
693.954,738.903
693.957,738.834
693.943,738.714
693.955,738.614
693.952,738.613
693.942,738.519
693.952,738.469
693.952,738.422
693.955,738.402
693.958,738.387
693.959,738.313
693.964,738.325
693.964,738.329
693.969,738.296
693.957,738.312
693.963,738.304
693.967,738.333
693.966,738.313
693.968,738.332
693.966,738.405
693.968,738.407
693.971,738.446
693.967,738.467
693.968,738.54
693.968,738.59
693.967,738.597
693.976,738.691
693.971,738.758
693.975,738.788
693.97,738.869
693.974,738.937
693.974,739.025
693.975,739.06
693.973,739.135
693.973,739.256
693.981,739.286
693.982,739.371
693.976,739.462
693.979,739.545
693.983,739.636
693.987,739.669
693.977,739.803
693.983,739.877
693.989,739.925
693.982,740.04
693.983,740.122
693.988,740.216
693.988,740.248
693.984,740.337
693.984,740.468
693.985,740.487
693.987,740.584
693.991,740.662
693.985,740.725
693.99,740.803
693.979,740.833
693.99,740.953
693.988,740.992
693.985,741.026
693.981,741.111
693.984,741.151
693.991,741.225
693.99,741.245
693.984,741.312
693.992,741.411
693.992,741.43
693.989,741.504
693.988,741.565
693.992,741.596
693.99,741.643
693.982,741.648
693.985,741.71
693.989,741.701
693.987,741.682
693.982,741.737
693.988,741.71
693.983,741.745
693.985,741.73
693.993,741.744
693.988,741.791
693.992,741.741
693.987,741.759
693.984,741.77
693.991,741.757
693.994,741.761
693.982,741.732
693.991,741.768
693.98,741.738
693.988,741.716
693.992,741.756
693.995,741.705
693.994,741.709
693.991,741.679
693.986,741.673
693.984,741.687
693.985,741.635
693.984,741.649
693.991,741.635
693.993,741.606
693.983,741.606
693.988,741.555
693.99,741.58
693.994,741.542
693.981,741.519
693.989,741.543
693.986,741.505
693.99,741.51
693.983,741.487
693.985,741.484
693.989,741.493
693.982,741.448
693.992,741.477
693.988,741.451
693.987,741.435
693.989,741.437
693.991,741.415
693.991,741.433
693.994,741.389
693.992,741.384
693.986,741.416
693.991,741.365
693.987,741.381
693.991,741.356
693.994,741.365
693.994,741.363
693.99,741.323
693.986,741.362
693.991,741.331
693.985,741.315
693.982,741.336
693.992,741.304
693.99,741.325
693.988,741.295
693.986,741.307
693.984,741.319
693.995,741.282
693.981,741.299
693.984,741.283
693.988,741.283
693.988,741.283
693.995,741.264
693.996,741.295
693.985,741.258
693.997,741.256
693.989,741.283
693.993,741.252
693.992,741.275
693.985,741.248
693.986,741.269
693.981,741.275
693.987,741.229
693.993,741.254
693.983,741.233
693.994,741.221
694.001,741.229
693.993,741.209
693.987,741.234
693.989,741.188
693.996,741.204
693.988,741.22
693.998,741.196
693.99,741.215
693.991,741.203
693.986,741.228
693.99,741.233
693.989,741.198
693.992,741.237
693.985,741.2
693.989,741.214
693.993,741.218
693.995,741.198
693.994,741.208
693.995,741.17
693.988,741.162
694.006,741.176
693.983,741.144
693.994,741.171
694,741.14
693.998,741.155
693.986,741.15
693.985,741.136
694,741.171
693.996,741.148
693.993,741.151
693.992,741.151
693.993,741.127
693.988,741.164
693.989,741.139
693.989,741.162
693.979,741.162
693.981,741.136
693.985,741.167
693.974,741.142
693.996,741.153
694.002,741.151
693.991,741.122
693.997,741.159
693.983,741.117
693.988,741.121
693.995,741.139
693.983,741.11
693.993,741.131
693.988,741.108
693.997,741.119
693.993,741.108
694,741.086
694.002,741.113
693.994,741.086
694.006,741.093
693.992,741.092
693.99,741.086
693.985,741.104
693.997,741.073
693.995,741.12
693.99,741.106
693.991,741.088
693.995,741.122
693.993,741.087
693.995,741.089
693.987,741.104
693.993,741.082
693.987,741.115
693.982,741.069
693.991,741.098
693.987,741.095
693.991,741.082
693.988,741.108
693.983,741.06
693.993,741.104
693.996,741.093
693.988,741.061
693.98,741.101
693.999,741.065
693.993,741.086
693.988,741.071
693.975,741.066
693.992,741.101
693.993,741.05
693.984,741.079
693.989,741.067
693.989,741.066
694,741.08
693.982,741.053
693.98,741.094
693.986,741.061
693.991,741.038
693.989,741.077
693.985,741.055
693.984,741.079
693.989,741.056
693.999,741.042
693.998,741.057
693.99,741.031
693.975,741.076
694.001,741.06
693.988,741.038
693.994,741.049
694,741.019
693.999,741.03
693.984,741.02
693.993,741.029
693.984,741.026
693.979,741.02
693.981,741.068
693.987,741.037
693.982,741.037
693.992,741.063
694.006,741.005
694.001,741.032
694.003,741.026
693.997,741.003
693.991,741.013
693.992,741.009
693.993,741.017
693.989,741.012
693.986,741.004
693.997,741.023
693.98,740.995
693.977,741.04
693.976,741.006
693.985,740.997
693.991,741.016
694,740.969
693.989,740.984
693.975,740.966
693.978,740.948
693.983,740.955
693.983,740.886
693.984,740.909
693.984,740.84
693.989,740.816
693.977,740.775
693.969,740.701
693.978,740.665
693.98,740.568
693.983,740.466
693.976,740.398
693.979,740.256
693.976,740.198
693.97,740.069
693.974,739.956
693.981,739.832
693.965,739.703
693.972,739.624
693.968,739.457
693.966,739.366
693.962,739.304
693.972,739.159
693.961,739.061
693.967,738.958
693.966,738.906
693.949,738.814
693.971,738.694
693.954,738.692
693.95,738.637
693.955,738.548
693.955,738.533
693.966,738.512
693.962,738.513
693.959,738.438
693.964,738.44
693.961,738.452
693.967,738.404
693.961,738.406
693.957,738.397
693.969,738.444
693.969,738.431
693.965,738.408
693.964,738.475
693.972,738.49
693.974,738.481
693.963,738.51
693.973,738.562
693.973,738.626
693.973,738.602
693.976,738.707
693.979,738.784
693.976,738.818
693.98,738.912
693.983,738.99
693.981,739.113
693.983,739.167
693.987,739.24
693.994,739.41
693.984,739.468
693.992,739.546
693.992,739.642
693.987,739.754
693.991,739.858
693.978,739.889
693.985,740.01
693.991,740.118
693.996,740.164
693.98,740.277
693.988,740.366
693.994,740.461
693.986,740.515
693.991,740.589
693.991,740.717
693.989,740.738
693.99,740.804
693.988,740.875
693.987,740.945
693.994,741.008
693.99,741.017
693.981,741.12
693.989,741.16
693.99,741.17
693.984,741.237
693.988,741.265
693.991,741.337
693.998,741.333
693.99,741.358
693.99,741.444
693.993,741.42
693.997,741.454
693.992,741.464
693.991,741.49
693.989,741.53
693.986,741.516
693.989,741.622
693.99,741.625
693.986,741.615
693.987,741.657
693.989,741.644
693.988,741.689
693.99,741.667
693.986,741.683
693.991,741.728
693.991,741.701
693.989,741.722
693.984,741.727
693.993,741.728
693.98,741.743
693.991,741.709
693.992,741.741
693.987,741.727
693.985,741.714
693.996,741.739
693.99,741.712
693.994,741.736
693.986,741.704
693.991,741.699
693.987,741.72
693.989,741.661
693.99,741.681
693.985,741.67
693.984,741.653
693.989,741.638
693.995,741.611
693.988,741.636
693.979,741.581
693.996,741.579
693.992,741.585
693.992,741.543
693.994,741.554
693.987,741.516
693.984,741.521
693.991,741.522
693.992,741.475
693.993,741.509
693.988,741.488
693.988,741.478
693.986,741.473
693.987,741.452
693.989,741.48
693.987,741.437
693.986,741.436
693.985,741.448
693.987,741.41
693.986,741.428
693.985,741.388
693.985,741.414
693.985,741.406
693.99,741.372
693.982,741.399
693.991,741.36
693.992,741.361
693.985,741.366
693.989,741.34
693.986,741.361
693.988,741.317
693.988,741.331
693.985,741.338
693.985,741.293
693.984,741.318
693.995,741.3
693.991,741.296
693.987,741.29
693.987,741.276
693.985,741.306
693.983,741.26
693.982,741.271
693.987,741.282
693.988,741.245
693.985,741.266
693.993,741.237
693.991,741.257
693.984,741.244
693.987,741.224
693.986,741.256
693.982,741.231
693.987,741.247
693.982,741.238
693.982,741.238
693.99,741.259
693.978,741.216
693.985,741.227
693.985,741.228
693.988,741.194
693.998,741.216
693.985,741.189
693.984,741.211
693.99,741.191
693.983,741.178
693.994,741.206
693.984,741.179
693.978,741.188
693.985,741.194
693.983,741.189
693.986,741.212
693.973,741.172
693.984,741.208
693.988,741.197
693.983,741.182
693.989,741.205
693.981,741.169
693.978,741.207
693.984,741.175
693.984,741.161
693.98,741.207
693.989,741.155
693.98,741.167
693.98,741.161
693.984,741.156
693.978,741.17
693.989,741.149
693.99,741.164
693.994,741.141
693.985,741.123
693.985,741.147
693.981,741.109
693.991,741.127
693.99,741.113
693.988,741.11
693.983,741.141
693.977,741.102
693.99,741.148
693.986,741.107
693.988,741.103
693.984,741.133
693.992,741.098
693.987,741.135
693.98,741.096
693.978,741.116
693.985,741.134
693.99,741.092
693.981,741.128
693.983,741.104
693.984,741.123
693.975,741.127
693.979,741.106
693.994,741.139
693.967,741.105
693.97,741.091
693.988,741.112
693.985,741.092
693.982,741.131
693.978,741.092
693.981,741.095
693.982,741.1
693.995,741.078
693.977,741.113
693.982,741.084
693.976,741.071
693.989,741.071
693.997,741.064
693.984,741.079
693.975,741.056
693.994,741.045
693.984,741.059
693.985,741.051
693.973,741.091
693.987,741.063
694,741.074
693.979,741.061
693.967,741.059
693.984,741.098
693.996,741.051
693.975,741.074
693.988,741.078
693.993,741.058
693.988,741.07
693.974,741.034
693.975,741.08
693.994,741.067
693.972,741.041
693.988,741.058
693.977,741.045
693.974,741.052
693.983,741.065
693.989,741.038
693.986,741.055
693.976,741.016
693.979,741.051
693.983,741.044
693.987,741.033
693.993,741.064
693.986,741.022
693.974,741.062
693.986,741.044
693.992,741.011
693.992,741.028
693.984,740.999
693.984,741.041
693.991,741.042
693.969,741.028
694.001,741.044
693.982,740.993
693.978,741.038
693.971,741.001
693.989,740.995
693.992,741.016
693.998,740.981
693.994,740.99
693.99,740.973
693.992,740.976
693.98,740.961
693.977,740.925
693.987,740.927
693.981,740.866
693.986,740.844
693.988,740.785
693.992,740.696
693.979,740.657
693.989,740.573
693.98,740.509
693.975,740.391
693.979,740.285
693.974,740.202
693.977,740.05
693.981,739.939
693.982,739.875
693.987,739.718
693.967,739.599
693.976,739.476
693.964,739.389
693.968,739.238
693.982,739.119
693.97,739.081
693.956,738.951
693.973,738.849
693.974,738.772
693.972,738.725
693.969,738.689
693.967,738.57
693.969,738.557
693.975,738.535
693.966,738.458
693.982,738.436
693.968,738.411
693.97,738.421
693.976,738.359
693.981,738.336
693.971,738.403
693.978,738.371
693.977,738.372
693.983,738.381
693.975,738.4
693.977,738.428
693.987,738.39
693.981,738.492
693.984,738.511
693.989,738.51
693.977,738.575
693.983,738.643
693.99,738.687
693.99,738.688
693.985,738.783
693.988,738.879
693.99,738.872
693.988,738.97
693.977,739.054
694.004,739.13
693.988,739.19
693.983,739.252
693.983,739.402
693.991,739.431
693.986,739.501
693.983,739.649
693.987,739.71
693.991,739.8
693.984,739.872
693.982,740.004
693.985,740.093
693.986,740.123
693.981,740.271
693.985,740.359
693.986,740.436
693.985,740.513
693.983,740.607
693.978,740.71
693.994,740.71
693.985,740.823
693.987,740.915
693.986,740.927
693.993,741.007
693.979,741.049
693.984,741.137
693.983,741.151
693.985,741.188
693.98,741.293
693.983,741.29
693.985,741.337
693.977,741.394
693.983,741.43
693.976,741.479
693.979,741.46
693.978,741.56
693.98,741.582
693.979,741.583
693.977,741.651
693.975,741.664
693.975,741.681
693.975,741.667
693.981,741.687
693.973,741.727
693.974,741.675
693.977,741.706
693.981,741.717
693.979,741.709
693.978,741.718
693.98,741.713
693.976,741.747
693.979,741.714
693.973,741.713
693.981,741.757
693.976,741.724
693.976,741.744
693.983,741.729
693.975,741.741
693.975,741.742
693.979,741.694
693.973,741.727
693.973,741.699
693.968,741.668
693.973,741.677
693.989,741.647
693.971,741.645
693.972,741.602
693.984,741.608
693.98,741.617
693.975,741.565
693.978,741.591
693.982,741.557
693.982,741.545
693.981,741.548
693.982,741.515
693.978,741.531
693.98,741.478
693.98,741.485
693.983,741.495
693.977,741.448
693.98,741.472
693.984,741.439
693.984,741.442
693.982,741.44
693.986,741.403
693.985,741.441
693.988,741.398
693.98,741.403
693.989,741.409
693.984,741.38
693.977,741.391
693.988,741.351
693.98,741.368
693.98,741.355
693.987,741.327
693.983,741.367
693.979,741.327
693.984,741.331
693.979,741.329
693.982,741.323
693.981,741.324
693.987,741.288
693.981,741.33
693.985,741.301
693.989,741.285
693.993,741.313
693.982,741.274
693.986,741.299
693.993,741.253
693.985,741.261
693.984,741.274
693.983,741.245
693.98,741.276
693.984,741.268
693.977,741.249
693.982,741.278
693.979,741.249
693.983,741.274
693.993,741.239
693.983,741.229
693.979,741.259
693.989,741.21
693.99,741.225
693.994,741.205
693.989,741.195
693.992,741.209
693.984,741.189
693.977,741.218
693.99,741.198
693.99,741.207
693.975,741.224
693.982,741.184
693.987,741.227
693.991,741.209
693.984,741.202
693.983,741.218
693.979,741.168
693.993,741.193
693.986,741.173
693.987,741.152
693.989,741.178
693.999,741.147
693.985,741.161
693.985,741.139
693.98,741.161
693.976,741.157
693.988,741.123
693.989,741.177
693.987,741.154
693.983,741.16
693.987,741.168
693.98,741.159
693.989,741.189
693.983,741.136
693.979,741.169
693.988,741.172
693.977,741.133
693.977,741.165
693.987,741.139
693.982,741.157
693.988,741.144
693.995,741.124
693.989,741.172
693.982,741.109
693.992,741.125
693.995,741.125
693.997,741.106
693.986,741.122
693.977,741.097
693.99,741.108
693.99,741.093
693.994,741.068
693.981,741.104
693.981,741.072
693.984,741.1
693.984,741.093
693.993,741.11
693.991,741.11
693.99,741.091
693.987,741.11
693.983,741.096
693.989,741.074
693.987,741.106
693.987,741.081
693.994,741.117
693.975,741.096
693.977,741.087
693.981,741.105
693.988,741.064
693.979,741.104
693.987,741.084
694.003,741.066
693.983,741.096
693.973,741.056
693.983,741.1
693.986,741.063
693.994,741.071
693.983,741.095
693.986,741.047
693.983,741.089
693.984,741.072
693.992,741.086
693.985,741.078
693.98,741.038
693.991,741.086
693.975,741.05
693.974,741.052
693.976,741.073
693.978,741.051
693.977,741.07
693.983,741.039
693.968,741.068
693.99,741.08
693.989,741.011
693.982,741.072
693.995,741.038
693.999,741.016
693.979,741.027
693.982,741.033
693.978,741.067
693.986,741.022
693.983,741.056
693.991,741.061
693.996,741
693.988,741.005
693.981,741.001
693.994,741.033
693.982,741.014
693.991,741.001
693.997,741.046
693.994,740.998
693.989,741
693.966,741.001
693.977,740.974
693.988,741.007
693.992,740.917
693.987,740.92
693.997,740.886
693.982,740.844
693.987,740.825
693.982,740.757
693.981,740.73
693.972,740.648
693.983,740.56
693.975,740.505
693.976,740.322
693.973,740.202
693.98,740.061
693.983,739.945
693.974,739.81
693.973,739.59
693.984,739.507
693.974,739.332
693.977,739.138
693.972,739.044
693.964,738.91
693.976,738.811
693.972,738.635
693.979,738.578
693.975,738.507
693.973,738.382
693.972,738.324
693.973,738.259
693.973,738.223
693.979,738.164
693.98,738.11
693.972,738.154
693.98,738.117
693.986,738.098
693.972,738.118
693.983,738.131
693.982,738.152
693.991,738.129
693.992,738.197
693.983,738.24
693.991,738.215
693.982,738.302
693.991,738.362
693.979,738.392
693.987,738.42
693.989,738.468
693.985,738.564
693.992,738.563
693.984,738.617
693.988,738.713
693.986,738.728
693.993,738.789
693.985,738.83
694.001,738.944
693.99,738.989
693.998,739.002
693.994,739.14
693.993,739.191
693.996,739.252
693.996,739.346
693.995,739.437
693.989,739.534
693.986,739.565
693.988,739.706
693.993,739.796
693.996,739.853
693.995,739.987
693.988,740.056
693.982,740.165
693.988,740.204
693.991,740.282
693.99,740.422
693.993,740.461
693.991,740.546
693.989,740.65
693.985,740.727
693.99,740.803
693.987,740.85
693.976,740.996
693.982,741.077
693.98,741.101
693.983,741.177
693.978,741.221
693.979,741.282
693.981,741.314
693.978,741.368
693.979,741.455
693.976,741.44
693.975,741.516
693.975,741.559
693.982,741.591
693.975,741.632
693.979,741.644
693.98,741.706
693.978,741.705
693.983,741.729
693.971,741.772
693.975,741.755
693.98,741.796
693.974,741.783
693.972,741.811
693.983,741.829
693.979,741.793
693.977,741.827
693.985,741.828
693.976,741.809
693.975,741.823
693.975,741.818
693.982,741.842
693.976,741.79
693.975,741.801
693.979,741.818
693.981,741.769
693.974,741.793
693.975,741.761
693.978,741.774
693.984,741.763
693.975,741.731
693.985,741.753
693.977,741.709
693.968,741.697
693.976,741.696
693.976,741.662
693.972,741.671
693.974,741.624
693.986,741.632
693.973,741.624
693.977,741.585
693.979,741.606
693.981,741.571
693.971,741.567
693.982,741.555
693.981,741.537
693.974,741.554
693.971,741.503
693.972,741.525
693.979,741.514
693.985,741.475
693.989,741.491
693.99,741.459
693.977,741.469
693.977,741.451
693.98,741.427
693.981,741.454
693.987,741.407
693.982,741.424
693.975,741.41
693.975,741.39
693.981,741.405
693.974,741.377
693.974,741.401
693.979,741.375
693.984,741.358
693.987,741.383
693.981,741.336
693.985,741.359
693.981,741.347
693.979,741.342
693.987,741.348
693.982,741.3
693.973,741.344
693.983,741.307
693.977,741.311
693.986,741.318
693.983,741.298
693.979,741.307
693.977,741.282
693.983,741.295
693.985,741.303
693.982,741.267
693.971,741.3
693.972,741.285
693.978,741.282
693.974,741.282
693.976,741.274
693.979,741.303
693.979,741.257
693.978,741.273
693.976,741.279
693.978,741.24
693.98,741.258
693.985,741.222
693.985,741.23
693.988,741.227
693.989,741.204
693.997,741.232
693.983,741.198
693.983,741.216
693.979,741.221
693.977,741.2
693.979,741.231
693.983,741.198
693.983,741.233
693.987,741.221
693.981,741.193
693.987,741.238
693.98,741.199
693.983,741.222
693.982,741.213
693.985,741.195
693.984,741.21
693.984,741.17
693.984,741.181
693.988,741.169
693.985,741.158
693.987,741.17
693.998,741.144
693.981,741.165
693.987,741.134
693.986,741.144
693.985,741.169
693.993,741.125
693.984,741.163
693.989,741.152
693.99,741.16
693.983,741.164
693.972,741.141
693.981,741.182
693.983,741.143
693.975,741.156
693.986,741.187
693.991,741.132
693.977,741.173
693.975,741.147
693.98,741.167
693.985,741.175
693.986,741.118
693.989,741.166
693.992,741.135
693.984,741.148
693.978,741.14
693.976,741.103
693.991,741.131
693.991,741.096
693.978,741.103
693.99,741.122
693.974,741.087
693.992,741.11
693.985,741.097
693.99,741.086
693.985,741.094
693.987,741.091
693.985,741.119
693.989,741.092
693.987,741.131
693.989,741.113
693.989,741.1
693.982,741.117
693.987,741.073
693.985,741.121
693.983,741.102
693.994,741.088
693.983,741.128
693.991,741.086
693.982,741.083
693.994,741.085
693.981,741.089
693.987,741.103
693.969,741.064
693.982,741.104
693.989,741.077
693.979,741.065
693.986,741.105
693.987,741.07
693.986,741.11
693.985,741.069
693.985,741.065
693.984,741.095
693.99,741.045
693.972,741.083
693.974,741.068
693.967,741.062
693.983,741.094
693.991,741.05
693.987,741.083
693.99,741.043
693.986,741.056
693.973,741.066
693.993,741.023
693.981,741.059
693.989,741.027
693.993,741.05
693.999,741.052
693.997,741.006
693.991,741.034
693.979,741.005
693.978,741.043
694.001,741.038
693.98,740.993
693.978,741.034
693.988,740.981
693.984,740.959
694.001,740.961
693.995,740.926
693.995,740.908
693.998,740.845
693.994,740.824
693.979,740.758
693.983,740.691
693.992,740.648
693.98,740.528
693.995,740.446
693.995,740.337
693.984,740.253
693.984,740.159
693.979,739.991
693.983,739.924
693.983,739.777
693.988,739.632
693.981,739.515
693.975,739.378
693.985,739.287
693.973,739.128
693.981,739.043
693.971,738.966
693.971,738.81
693.981,738.741
693.968,738.667
693.971,738.586
693.974,738.507
693.98,738.399
693.986,738.416
693.979,738.333
693.989,738.289
693.986,738.315
693.977,738.275
693.977,738.276
693.985,738.211
693.983,738.233
693.984,738.254
693.989,738.233
693.984,738.322
693.993,738.388
693.993,738.456
693.991,738.501
693.99,738.56
693.991,738.672
693.993,738.669
693.987,738.716
693.993,738.82
693.989,738.871
693.989,738.959
693.983,739.018
693.983,739.152
693.985,739.225
693.982,739.286
693.984,739.431
693.98,739.468
693.99,739.513
693.987,739.591
693.987,739.701
693.983,739.821
693.989,739.852
693.987,739.968
693.988,740.084
693.987,740.144
693.989,740.288
693.983,740.426
693.984,740.613
693.984,740.729
693.985,740.873
693.991,741.02
693.99,741.054
693.989,741.14
693.989,741.263
693.983,741.35
693.982,741.421
693.981,741.399
693.987,741.492
693.983,741.526
693.982,741.546
693.982,741.633
693.981,741.679
693.983,741.753
693.98,741.753
693.987,741.801
693.985,741.876
693.989,741.854
693.981,741.922
693.986,741.96
693.979,741.991
693.985,742.015
693.986,741.98
693.986,742.022
693.988,741.979
693.989,741.96
693.984,741.981
693.99,741.935
693.993,741.93
693.992,741.882
693.986,741.882
693.99,741.858
693.987,741.794
693.993,741.804
693.988,741.751
693.985,741.737
693.989,741.706
693.992,741.669
693.983,741.689
693.992,741.624
693.987,741.646
693.987,741.628
693.997,741.585
693.987,741.597
693.989,741.566
693.989,741.573
693.984,741.547
693.989,741.521
693.996,741.543
693.995,741.493
693.983,741.505
693.996,741.494
693.985,741.471
693.982,741.483
693.987,741.436
693.989,741.46
693.991,741.43
693.988,741.411
693.982,741.44
693.991,741.403
693.987,741.404
693.985,741.393
693.992,741.386
693.996,741.401
693.99,741.353
693.985,741.382
693.988,741.359
693.991,741.347
693.987,741.36
693.988,741.326
693.992,741.363
693.991,741.32
693.981,741.325
693.993,741.339
693.998,741.305
693.988,741.328
693.987,741.317
693.994,741.324
693.987,741.325
693.989,741.297
693.995,741.332
693.997,741.295
693.997,741.287
693.988,741.296
693.994,741.263
693.996,741.277
693.988,741.25
693.993,741.268
694.001,741.253
693.986,741.241
693.983,741.279
693.992,741.241
693.985,741.268
693.992,741.265
693.982,741.254
693.983,741.288
693.988,741.236
693.978,741.257
693.994,741.244
693.993,741.224
693.994,741.246
693.991,741.215
693.984,741.227
693.978,741.202
693.99,741.194
694.002,741.209
693.993,741.182
693.992,741.201
693.992,741.19
693.988,741.176
693.988,741.182
693.984,741.173
693.984,741.197
693.984,741.167
693.988,741.191
693.984,741.214
693.993,741.18
693.992,741.224
693.996,741.183
693.982,741.203
693.991,741.211
693.99,741.171
693.98,741.216
693.991,741.18
693.989,741.164
693.985,741.18
693.989,741.142
693.994,741.159
693.996,741.125
693.989,741.146
694,741.135
693.99,741.117
693.996,741.15
694,741.128
693.985,741.166
693.99,741.148
693.983,741.138
693.997,741.169
693.998,741.128
693.986,741.166
693.988,741.149
693.987,741.148
693.982,741.169
693.98,741.126
693.992,741.172
693.985,741.127
693.983,741.115
693.985,741.167
693.978,741.115
693.988,741.132
693.99,741.126
693.991,741.129
693.977,741.148
693.969,741.104
693.989,741.158
693.985,741.121
693.985,741.098
693.991,741.128
693.986,741.099
693.988,741.146
693.984,741.098
693.975,741.112
693.981,741.129
693.999,741.109
693.988,741.139
693.989,741.096
693.999,741.119
693.983,741.1
693.973,741.073
693.987,741.124
693.98,741.079
693.987,741.084
693.982,741.076
693.993,741.063
693.992,741.071
693.986,741.044
693.994,741.073
693.981,741.055
693.98,741.052
693.975,741.084
693.99,741.056
693.984,741.073
694.004,741.049
694.003,741.023
693.993,741.038
693.989,741.021
693.982,741.059
693.981,741.037
693.992,741.054
693.985,741.082
693.992,741.039
693.989,741.085
693.988,741.047
693.978,741.029
693.998,741.043
693.993,741.016
693.988,741.029
693.98,741.018
693.999,741.045
693.989,741.024
693.988,741.011
693.99,741.02
693.981,741.002
693.986,741.03
693.977,741.02
693.993,740.987
693.998,741.014
694.001,740.96
693.981,740.973
693.971,740.947
693.978,740.891
693.989,740.862
693.986,740.79
693.975,740.739
693.999,740.682
693.986,740.597
693.981,740.513
693.979,740.39
693.985,740.304
693.971,740.155
693.977,739.976
693.976,739.902
693.965,739.721
693.965,739.569
693.967,739.369
693.965,739.252
693.96,739.111
693.97,738.848
693.974,738.683
693.956,738.516
693.971,738.33
693.957,738.181
693.959,738.086
693.957,738.086
693.951,738.028
693.947,737.992
693.955,738.047
693.96,738.015
693.948,738.023
693.961,737.998
693.956,738.029
693.953,738.069
693.958,738.015
693.957,738.068
693.957,738.08
693.961,738.11
693.967,738.111
693.961,738.138
693.969,738.236
693.97,738.215
693.97,738.262
693.965,738.331
693.973,738.378
693.973,738.427
693.972,738.438
693.972,738.52
693.973,738.568
693.98,738.566
693.973,738.663
693.97,738.7
693.978,738.766
693.971,738.806
693.974,738.873
693.977,738.979
693.978,738.98
693.979,739.072
693.979,739.16
693.981,739.2
693.976,739.278
693.987,739.314
693.981,739.44
693.98,739.478
693.981,739.524
693.981,739.65
693.979,739.7
693.977,739.77
693.983,739.827
693.983,739.921
693.982,740.032
693.988,740.042
693.983,740.174
693.979,740.246
693.985,740.319
693.983,740.39
693.981,740.458
693.989,740.571
693.988,740.587
693.986,740.653
693.983,740.767
693.986,740.786
693.992,740.859
693.982,740.901
693.981,740.983
693.983,741.05
693.989,741.048
693.98,741.155
693.989,741.192
693.987,741.226
693.99,741.285
693.981,741.316
693.985,741.402
693.982,741.397
693.985,741.45
693.992,741.52
693.988,741.51
693.981,741.555
693.981,741.56
693.982,741.603
693.98,741.616
693.977,741.595
693.987,741.654
693.983,741.643
693.989,741.661
693.988,741.669
693.982,741.666
693.985,741.695
693.984,741.659
693.99,741.7
693.991,741.715
693.991,741.701
693.99,741.739
693.984,741.714
693.988,741.755
693.986,741.739
693.979,741.731
693.989,741.78
693.984,741.753
693.985,741.765
693.982,741.758
693.988,741.747
693.98,741.782
693.979,741.726
693.982,741.753
693.986,741.742
693.986,741.713
693.984,741.723
693.989,741.687
693.985,741.715
693.986,741.671
693.985,741.675
693.988,741.685
693.982,741.643
693.975,741.647
693.99,741.619
693.985,741.626
693.986,741.616
693.987,741.576
693.988,741.596
693.981,741.551
693.987,741.538
693.986,741.54
693.991,741.502
693.986,741.517
693.983,741.472
693.984,741.482
693.99,741.481
693.984,741.436
693.98,741.458
693.985,741.433
693.986,741.446
693.986,741.435
693.984,741.406
693.989,741.437
693.988,741.398
693.986,741.411
693.99,741.405
693.979,741.384
693.982,741.408
693.987,741.358
693.989,741.378
693.989,741.366
693.982,741.33
693.985,741.346
693.99,741.323
693.983,741.342
693.984,741.333
693.984,741.332
693.99,741.359
693.983,741.322
693.978,741.348
693.977,741.315
693.988,741.302
693.982,741.313
693.998,741.254
693.987,741.29
693.992,741.262
693.979,741.261
693.981,741.265
693.983,741.235
693.991,741.275
693.987,741.239
693.983,741.256
693.99,741.269
693.984,741.236
693.989,741.274
693.983,741.247
693.984,741.264
693.984,741.24
693.977,741.23
693.977,741.265
693.977,741.242
693.982,741.249
693.989,741.256
693.981,741.228
693.975,741.267
693.989,741.222
693.976,741.232
693.987,741.24
693.983,741.213
693.976,741.239
693.982,741.202
693.982,741.21
693.995,741.197
693.988,741.18
693.986,741.184
693.977,741.152
693.994,741.18
693.994,741.173
693.988,741.137
693.986,741.174
693.982,741.147
693.984,741.171
693.993,741.167
693.989,741.158
693.998,741.198
693.988,741.159
693.973,741.186
693.983,741.17
693.989,741.174
693.988,741.196
693.978,741.14
693.986,741.195
693.982,741.177
693.98,741.153
693.981,741.182
693.98,741.155
693.979,741.18
693.98,741.156
693.982,741.16
693.982,741.166
693.99,741.133
693.972,741.162
693.98,741.137
693.979,741.143
693.982,741.155
693.965,741.115
693.983,741.153
693.979,741.133
693.984,741.132
693.982,741.151
693.97,741.094
693.987,741.115
693.989,741.095
693.995,741.097
693.982,741.111
693.965,741.086
693.986,741.107
693.993,741.086
693.985,741.096
693.992,741.086
693.996,741.071
693.983,741.091
693.976,741.07
693.973,741.103
693.986,741.093
694.003,741.077
693.991,741.106
693.992,741.072
693.995,741.085
693.981,741.076
693.983,741.072
693.989,741.081
693.98,741.068
693.984,741.076
693.98,741.082
693.991,741.065
693.983,741.084
693.971,741.052
693.978,741.094
693.991,741.079
693.989,741.058
693.978,741.075
693.987,741.053
693.982,741.087
693.995,741.069
693.984,741.047
693.986,741.071
693.995,741.049
693.995,741.083
693.991,741.056
693.987,741.037
693.989,741.073
693.987,741.036
693.992,741.034
693.978,741.016
693.992,741.01
693.993,741.022
693.981,740.976
693.984,740.991
693.979,740.935
693.98,740.924
693.971,740.89
693.97,740.812
693.977,740.808
693.975,740.725
693.969,740.661
693.985,740.589
693.976,740.507
693.972,740.47
693.982,740.359
693.973,740.265
693.981,740.172
693.971,740.048
693.975,739.989
693.977,739.829
693.969,739.765
693.97,739.667
693.962,739.53
693.974,739.432
693.974,739.317
693.968,739.255
693.969,739.132
693.969,739.024
693.975,738.979
693.967,738.876
693.977,738.797
693.968,738.705
693.968,738.65
693.959,738.642
693.975,738.543
693.965,738.518
693.969,738.491
693.974,738.475
693.976,738.464
693.975,738.411
693.972,738.439
693.97,738.425
693.971,738.43
693.978,738.44
693.979,738.429
693.971,738.485
693.976,738.466
693.977,738.479
693.977,738.55
693.97,738.552
693.978,738.597
693.986,738.597
693.979,738.674
693.981,738.719
693.978,738.725
693.984,738.82
693.98,738.859
693.982,738.921
693.986,738.972
693.977,739.025
693.983,739.136
693.986,739.155
693.988,739.236
693.981,739.331
693.985,739.386
693.997,739.472
693.984,739.515
693.987,739.648
693.987,739.712
693.99,739.746
693.984,739.866
693.984,739.933
693.987,740.01
693.997,740.069
693.99,740.138
693.992,740.243
693.987,740.268
693.989,740.357
693.988,740.444
693.987,740.508
693.99,740.586
693.984,740.618
693.988,740.729
693.993,740.773
693.988,740.783
693.988,740.872
693.986,740.983
693.984,741.199
693.985,741.376
693.99,741.266
693.982,741.289
693.979,741.297
693.979,741.388
693.986,741.439
693.979,741.487
693.983,741.512
693.982,741.478
693.99,741.526
693.983,741.518
693.983,741.51
693.985,741.545
693.987,741.567
693.983,741.644
693.986,741.664
693.989,741.717
693.984,741.773
693.991,741.755
693.992,741.803
693.989,741.815
693.995,741.833
693.989,741.845
693.994,741.813
693.994,741.866
693.989,741.835
693.996,741.83
693.986,741.839
694,741.812
693.997,741.82
693.986,741.766
693.991,741.784
693.989,741.773
693.985,741.723
693.987,741.752
693.991,741.713
693.994,741.708
693.999,741.678
693.992,741.653
693.988,741.673
693.997,741.625
693.992,741.637
693.994,741.619
693.992,741.596
693.988,741.594
693.99,741.565
693.989,741.575
693.991,741.548
693.994,741.524
693.992,741.553
693.994,741.505
693.997,741.516
694,741.495
694,741.485
693.987,741.493
693.994,741.449
693.994,741.485
693.996,741.459
693.995,741.435
693.989,741.455
693.985,741.42
693.99,741.436
693.996,741.403
693.99,741.398
694,741.405
693.995,741.366
693.997,741.382
694.004,741.362
693.985,741.36
693.988,741.356
693.986,741.333
693.995,741.354
693.99,741.321
693.991,741.332
693.993,741.344
693.988,741.318
693.982,741.33
693.992,741.307
693.999,741.31
693.997,741.306
693.993,741.264
693.998,741.308
694.003,741.27
693.997,741.276
693.988,741.28
693.992,741.255
693.985,741.292
693.999,741.256
693.986,741.28
693.991,741.289
693.982,741.262
693.993,741.289
693.987,741.266
694.001,741.278
693.977,741.27
693.992,741.263
693.99,741.287
693.99,741.229
693.991,741.232
693.985,741.225
693.992,741.195
693.985,741.211
693.986,741.191
693.996,741.219
693.987,741.198
693.999,741.191
693.984,741.224
693.992,741.189
693.98,741.212
693.99,741.191
693.982,741.201
693.983,741.222
693.991,741.178
693.985,741.226
693.989,741.205
693.985,741.185
693.985,741.215
693.986,741.184
693.987,741.21
693.99,741.202
693.98,741.188
693.989,741.211
694,741.156
693.979,741.178
693.992,741.165
694.001,741.173
693.983,741.156
694.005,741.132
693.987,741.154
693.999,741.137
693.987,741.155
693.986,741.159
693.982,741.146
693.981,741.173
693.979,741.139
693.978,741.156
693.989,741.157
693.993,741.133
693.987,741.183
693.988,741.144
693.99,741.159
693.992,741.159
693.986,741.146
693.985,741.186
693.981,741.139
693.98,741.16
693.986,741.161
693.994,741.128
693.974,741.166
693.971,741.113
693.992,741.152
693.976,741.141
693.983,741.119
693.976,741.163
693.976,741.115
693.983,741.133
693.986,741.145
693.974,741.12
693.981,741.151
693.973,741.113
693.981,741.15
693.986,741.13
693.98,741.095
693.984,741.129
693.972,741.098
693.98,741.116
693.981,741.107
693.984,741.105
693.981,741.118
693.989,741.082
693.983,741.125
693.983,741.091
693.99,741.099
693.992,741.106
693.972,741.077
693.981,741.106
693.985,741.079
693.985,741.08
693.975,741.102
693.99,741.065
693.991,741.085
693.983,741.062
693.99,741.048
693.98,741.044
693.999,741.034
693.993,741.032
693.996,741.038
693.996,741.039
693.961,741.046
693.969,741.046
693.975,741.09
693.993,741.041
693.992,741.015
693.976,741.026
693.985,741.01
693.981,741.015
693.995,741.009
693.974,741.003
693.978,740.979
693.985,740.931
693.997,740.884
694,740.796
693.993,740.78
693.983,740.706
693.976,740.579
693.98,740.546
693.983,740.41
693.993,740.314
693.98,740.209
693.983,740.075
693.977,739.975
693.975,739.829
693.992,739.774
693.976,739.641
693.977,739.466
693.976,739.353
693.984,739.219
693.967,739.128
693.981,738.954
693.971,738.844
693.974,738.778
693.971,738.613
693.984,738.542
693.984,738.47
693.993,738.419
693.983,738.371
693.988,738.282
693.983,738.312
693.985,738.281
693.981,738.235
693.986,738.251
693.99,738.248
693.988,738.276
693.989,738.238
693.995,738.252
693.987,738.304
693.996,738.291
693.993,738.321
693.994,738.34
693.984,738.401
693.999,738.413
694.002,738.417
693.989,738.521
693.989,738.527
693.993,738.56
693.985,738.644
693.996,738.675
693.989,738.738
693.992,738.747
693.991,738.847
693.996,738.926
693.993,738.921
693.99,739.022
694,739.086
693.991,739.146
693.993,739.184
693.988,739.262
693.996,739.376
693.993,739.393
693.995,739.471
693.989,739.573
693.983,739.63
693.988,739.7
693.991,739.753
693.989,739.866
693.992,739.925
693.989,739.976
693.983,740.112
693.984,740.173
693.991,740.251
693.991,740.322
693.987,740.416
693.988,740.5
693.983,740.528
693.986,740.652
693.99,740.736
693.981,740.764
693.982,740.841
693.987,740.898
693.981,740.993
693.986,741.015
693.974,741.077
693.979,741.183
693.99,741.184
693.98,741.258
693.975,741.299
693.974,741.354
693.976,741.419
693.976,741.442
693.975,741.532
693.972,741.542
693.975,741.566
693.974,741.603
693.981,741.625
693.976,741.677
693.975,741.661
693.975,741.696
693.969,741.742
693.976,741.728
693.977,741.782
693.978,741.772
693.977,741.788
693.975,741.817
693.976,741.78
693.975,741.841
693.972,741.811
693.975,741.809
693.969,741.819
693.972,741.805
693.968,741.823
693.971,741.796
693.964,741.815
693.975,741.817
693.975,741.783
693.971,741.811
693.977,741.771
693.97,741.781
693.971,741.763
693.966,741.725
693.972,741.759
693.97,741.696
693.969,741.712
693.975,741.714
693.97,741.677
693.969,741.671
693.975,741.647
693.97,741.656
693.976,741.633
693.976,741.607
693.97,741.637
693.972,741.577
693.966,741.578
693.984,741.585
693.976,741.545
693.98,741.562
693.968,741.522
693.972,741.548
693.972,741.515
693.97,741.479
693.965,741.504
693.979,741.463
693.979,741.475
693.975,741.459
693.976,741.45
693.977,741.457
693.982,741.413
693.974,741.449
693.972,741.418
693.98,741.395
693.969,741.425
693.985,741.382
693.974,741.389
693.969,741.387
693.981,741.374
693.978,741.374
693.984,741.339
693.981,741.38
693.974,741.354
693.979,741.337
693.977,741.36
693.972,741.327
693.982,741.342
693.97,741.314
693.984,741.319
693.975,741.318
693.983,741.284
693.98,741.321
693.984,741.294
693.978,741.279
693.982,741.306
693.977,741.275
693.972,741.301
693.978,741.281
693.976,741.3
693.981,741.292
693.977,741.258
693.982,741.298
693.983,741.258
693.985,741.261
693.978,741.266
693.983,741.239
693.974,741.259
693.978,741.228
693.975,741.244
693.982,741.243
693.984,741.21
693.98,741.231
693.985,741.206
693.976,741.213
693.977,741.207
693.976,741.205
693.983,741.223
693.982,741.203
693.971,741.231
693.993,741.229
693.981,741.204
693.983,741.238
693.982,741.207
693.976,741.209
693.989,741.2
693.981,741.175
693.985,741.215
693.972,741.157
693.987,741.185
693.99,741.181
693.982,741.144
693.976,741.175
693.971,741.148
693.994,741.17
693.973,741.159
693.99,741.156
693.982,741.175
693.971,741.137
693.974,741.182
693.99,741.182
693.98,741.16
693.968,741.19
693.987,741.158
693.982,741.182
693.983,741.15
693.97,741.152
693.99,741.173
693.994,741.112
693.983,741.156
693.985,741.137
693.981,741.12
693.982,741.145
693.972,741.113
693.982,741.126
693.983,741.095
693.996,741.1
693.99,741.129
693.99,741.105
693.983,741.136
693.984,741.13
693.981,741.138
693.979,741.15
693.986,741.104
693.978,741.164
693.977,741.114
693.983,741.127
693.979,741.147
693.991,741.104
693.976,741.136
693.973,741.124
693.978,741.109
693.987,741.114
693.988,741.099
693.977,741.153
693.975,741.104
693.969,741.096
693.982,741.137
693.975,741.078
693.976,741.118
693.982,741.089
693.978,741.105
693.985,741.103
693.983,741.081
693.979,741.102
693.977,741.077
693.968,741.086
693.981,741.103
693.974,741.065
693.982,741.099
693.991,741.066
693.983,741.084
693.974,741.082
693.996,741.053
693.997,741.079
693.982,741.053
693.99,741.044
693.981,741.056
693.968,741.033
693.978,741.064
693.991,741.008
693.979,741.024
693.98,740.994
693.976,740.935
693.98,740.933
693.973,740.863
693.984,740.823
693.986,740.754
693.981,740.658
693.982,740.625
693.976,740.536
693.982,740.469
693.987,740.354
693.982,740.203
693.977,740.057
693.979,739.861
693.99,739.78
693.996,739.625
693.987,739.46
693.989,739.399
693.982,739.302
693.991,739.172
693.985,739.042
694.002,738.994
693.986,738.927
693.996,738.756
694.003,738.726
694.001,738.677
693.988,738.545
693.999,738.508
693.999,738.458
694.003,738.448
694.007,738.366
693.999,738.339
694.002,738.392
694.003,738.313
694.008,738.308
694.004,738.33
694.005,738.338
693.998,738.308
694.006,738.303
693.999,738.383
694.011,738.368
694.012,738.345
694.009,738.42
694.018,738.44
694.005,738.456
694.005,738.462
694.016,738.565
694.008,738.592
694.021,738.571
694.008,738.703
694.016,738.73
694.012,738.738
694.018,738.807
694.002,738.883
694.014,738.931
694.011,738.93
694.007,739.044
694.008,739.132
694.004,739.107
694.007,739.235
694.003,739.315
694.008,739.35
694.009,739.43
694.01,739.545
693.999,739.661
694.002,739.648
694,739.758
693.996,739.878
693.997,739.907
693.993,740.022
693.986,740.116
693.993,740.231
693.993,740.307
693.994,740.381
693.99,740.548
693.987,740.61
693.984,740.72
693.982,740.882
693.978,740.975
693.983,741.074
693.978,741.139
693.976,741.287
693.976,741.363
693.977,741.381
693.974,741.493
693.974,741.536
693.973,741.568
693.977,741.621
693.978,741.671
693.968,741.737
693.972,741.707
693.975,741.761
693.975,741.797
693.973,741.785
693.972,741.838
693.971,741.848
693.98,741.884
693.962,741.888
693.971,741.865
693.967,741.923
693.968,741.884
693.977,741.889
693.971,741.905
693.971,741.886
693.973,741.887
693.975,741.851
693.97,741.888
693.961,741.869
693.974,741.83
693.98,741.868
693.976,741.828
693.969,741.817
693.978,741.813
693.976,741.801
693.974,741.821
693.971,741.762
693.98,741.795
693.975,741.78
693.971,741.715
693.971,741.744
693.966,741.715
693.978,741.707
693.974,741.677
693.977,741.655
693.976,741.685
693.964,741.612
693.97,741.633
693.975,741.629
693.97,741.592
693.97,741.596
693.977,741.568
693.976,741.582
693.97,741.551
693.969,741.535
693.982,741.567
693.975,741.515
693.976,741.523
693.973,741.513
693.979,741.5
693.974,741.513
693.972,741.479
693.977,741.503
693.969,741.467
693.975,741.453
693.974,741.488
693.983,741.437
693.968,741.451
693.97,741.437
693.98,741.43
693.977,741.438
693.975,741.397
693.982,741.439
693.978,741.403
693.979,741.379
693.979,741.409
693.977,741.377
693.979,741.386
693.97,741.371
693.98,741.368
693.983,741.367
693.98,741.335
693.983,741.368
693.976,741.332
693.984,741.316
693.974,741.351
693.981,741.31
693.969,741.331
693.976,741.303
693.986,741.313
693.979,741.323
693.982,741.277
693.976,741.317
693.981,741.292
693.975,741.282
693.979,741.301
693.98,741.276
693.976,741.302
693.977,741.275
693.975,741.286
693.978,741.293
693.975,741.254
693.968,741.296
693.984,741.261
693.978,741.258
693.976,741.256
693.99,741.234
693.978,741.257
693.977,741.206
693.988,741.234
693.971,741.263
693.978,741.214
693.972,741.258
693.979,741.248
693.983,741.248
693.973,741.241
693.98,741.226
693.978,741.257
693.979,741.217
693.977,741.221
693.973,741.248
693.978,741.21
693.983,741.209
693.984,741.187
693.979,741.193
693.972,741.202
693.972,741.164
693.987,741.204
693.981,741.166
693.977,741.164
693.98,741.168
693.982,741.157
693.982,741.176
693.968,741.154
693.98,741.183
693.98,741.182
693.981,741.164
693.978,741.206
693.98,741.17
693.982,741.179
693.979,741.179
693.974,741.17
693.991,741.197
693.992,741.162
693.977,741.182
693.981,741.18
693.981,741.14
693.981,741.185
693.982,741.157
693.979,741.161
693.981,741.155
693.968,741.143
693.979,741.172
693.971,741.129
693.983,741.146
693.977,741.157
693.982,741.124
693.969,741.154
693.969,741.119
693.981,741.133
693.978,741.137
693.975,741.113
693.978,741.161
693.974,741.094
693.983,741.107
693.984,741.117
693.976,741.084
693.984,741.096
693.984,741.092
693.985,741.106
693.985,741.079
693.991,741.072
693.978,741.106
693.971,741.07
693.989,741.105
693.99,741.094
693.984,741.086
693.982,741.109
693.987,741.079
693.98,741.107
693.987,741.081
694.001,741.068
693.979,741.107
693.994,741.078
693.973,741.085
693.985,741.092
693.991,741.082
693.983,741.096
693.967,741.059
693.996,741.103
693.984,741.074
693.985,741.061
693.979,741.097
693.974,741.047
693.987,741.074
693.986,741.049
693.981,741.034
693.987,741.056
693.999,740.988
693.995,740.991
693.985,740.963
693.981,740.912
693.991,740.898
693.984,740.816
693.982,740.808
693.984,740.7
693.995,740.624
693.994,740.585
693.978,740.482
693.979,740.399
693.982,740.327
693.994,740.242
693.996,740.131
693.996,739.966
693.992,739.951
694,739.803
693.999,739.681
694.001,739.622
694.005,739.512
694.012,739.421
694.025,739.3
694.013,739.278
694.026,739.175
694.028,739.031
694.016,739.033
694.027,738.995
694.015,738.893
694.029,738.809
694.016,738.787
694.016,738.732
694.033,738.626
694.027,738.628
694.025,738.618
694.034,738.52
694.028,738.523
694.034,738.493
694.022,738.504
694.042,738.466
694.036,738.48
694.028,738.547
694.025,738.477
694.044,738.502
694.027,738.565
694.021,738.528
694.04,738.55
694.026,738.577
694.03,738.642
694.038,738.629
694.045,738.63
694.039,738.737
694.028,738.714
694.036,738.725
694.026,738.809
694.033,738.832
694.036,738.855
694.029,738.884
694.027,738.988
694.023,739.005
694.03,739.022
694.02,739.144
694.03,739.169
694.034,739.201
694.016,739.294
694.017,739.367
694.02,739.412
694.022,739.441
694.018,739.563
694.011,739.614
694.005,739.623
694.016,739.749
694.01,739.795
694.012,739.837
694.006,739.911
693.996,739.995
694.003,740.072
694,740.072
693.997,740.205
693.999,740.277
693.995,740.283
693.996,740.394
693.999,740.455
693.995,740.517
693.997,740.544
693.989,740.619
693.991,740.706
693.989,740.676
693.987,740.775
693.981,740.859
693.991,740.881
693.978,740.969
693.979,740.996
693.985,741.066
693.987,741.07
693.976,741.103
693.982,741.2
693.98,741.169
693.977,741.223
693.973,741.28
693.971,741.318
693.976,741.368
693.971,741.381
693.964,741.472
693.964,741.469
693.962,741.468